"idtshirt";"articolo";"sesso";"taglia";"colore";"quantita"
1;1;"M";"S";"black";10
2;1;"M";"M";"black";10
3;1;"M";"L";"black";10
4;1;"M";"XL";"black";10
5;1;"M";"XXL";"black";10
6;1;"M";"3XL";"black";10
7;1;"M";"4XL";"black";10
8;1;"M";"5XL";"black";10
9;1;"F";"S";"black";10
10;1;"F";"M";"black";10
11;1;"F";"L";"black";10
12;1;"F";"XL";"black";10
13;1;"F";"XXL";"black";10
14;1;"F";"3XL";"black";10
15;1;"F";"4XL";"black";10
16;1;"F";"5XL";"black";10
17;1;"M";"S";"grey";10
18;1;"M";"M";"grey";10
19;1;"M";"L";"grey";10
20;1;"M";"XL";"grey";10
21;1;"M";"XXL";"grey";10
22;1;"M";"3XL";"grey";10
23;1;"M";"4XL";"grey";10
24;1;"M";"5XL";"grey";10
25;1;"F";"S";"grey";10
26;1;"F";"M";"grey";10
27;1;"F";"L";"grey";10
28;1;"F";"XL";"grey";10
29;1;"F";"XXL";"grey";10
30;1;"F";"3XL";"grey";10
31;1;"F";"4XL";"grey";10
32;1;"F";"5XL";"grey";10
33;1;"M";"S";"white";10
34;1;"M";"M";"white";10
35;1;"M";"L";"white";10
36;1;"M";"XL";"white";10
37;1;"M";"XXL";"white";10
38;1;"M";"3XL";"white";10
39;1;"M";"4XL";"white";10
40;1;"M";"5XL";"white";10
41;1;"F";"S";"white";10
42;1;"F";"M";"white";10
43;1;"F";"L";"white";10
44;1;"F";"XL";"white";10
45;1;"F";"XXL";"white";10
46;1;"F";"3XL";"white";10
47;1;"F";"4XL";"white";10
48;1;"F";"5XL";"white";10
49;1;"M";"S";"green";10
50;1;"M";"M";"green";10
51;1;"M";"L";"green";10
52;1;"M";"XL";"green";10
53;1;"M";"XXL";"green";10
54;1;"M";"3XL";"green";10
55;1;"M";"4XL";"green";10
56;1;"M";"5XL";"green";10
57;1;"F";"S";"green";10
58;1;"F";"M";"green";10
59;1;"F";"L";"green";10
60;1;"F";"XL";"green";10
61;1;"F";"XXL";"green";10
62;1;"F";"3XL";"green";10
63;1;"F";"4XL";"green";10
64;1;"F";"5XL";"green";10
65;1;"M";"S";"orange";10
66;1;"M";"M";"orange";10
67;1;"M";"L";"orange";10
68;1;"M";"XL";"orange";10
69;1;"M";"XXL";"orange";10
70;1;"M";"3XL";"orange";10
71;1;"M";"4XL";"orange";10
72;1;"M";"5XL";"orange";10
73;1;"F";"S";"orange";10
74;1;"F";"M";"orange";10
75;1;"F";"L";"orange";10
76;1;"F";"XL";"orange";10
77;1;"F";"XXL";"orange";10
78;1;"F";"3XL";"orange";10
79;1;"F";"4XL";"orange";10
80;1;"F";"5XL";"orange";10
81;1;"M";"S";"red";10
82;1;"M";"M";"red";10
83;1;"M";"L";"red";10
84;1;"M";"XL";"red";10
85;1;"M";"XXL";"red";10
86;1;"M";"3XL";"red";10
87;1;"M";"4XL";"red";10
88;1;"M";"5XL";"red";10
89;1;"F";"S";"red";10
90;1;"F";"M";"red";10
91;1;"F";"L";"red";10
92;1;"F";"XL";"red";10
93;1;"F";"XXL";"red";10
94;1;"F";"3XL";"red";10
95;1;"F";"4XL";"red";10
96;1;"F";"5XL";"red";10
97;1;"M";"S";"purple";10
98;1;"M";"M";"purple";10
99;1;"M";"L";"purple";10
100;1;"M";"XL";"purple";10
101;1;"M";"XXL";"purple";10
102;1;"M";"3XL";"purple";10
103;1;"M";"4XL";"purple";10
104;1;"M";"5XL";"purple";10
105;1;"F";"S";"purple";10
106;1;"F";"M";"purple";10
107;1;"F";"L";"purple";10
108;1;"F";"XL";"purple";10
109;1;"F";"XXL";"purple";10
110;1;"F";"3XL";"purple";10
111;1;"F";"4XL";"purple";10
112;1;"F";"5XL";"purple";10
113;1;"M";"S";"blue";10
114;1;"M";"M";"blue";10
115;1;"M";"L";"blue";10
116;1;"M";"XL";"blue";10
117;1;"M";"XXL";"blue";10
118;1;"M";"3XL";"blue";10
119;1;"M";"4XL";"blue";10
120;1;"M";"5XL";"blue";10
121;1;"F";"S";"blue";10
122;1;"F";"M";"blue";10
123;1;"F";"L";"blue";10
124;1;"F";"XL";"blue";10
125;1;"F";"XXL";"blue";10
126;1;"F";"3XL";"blue";10
127;1;"F";"4XL";"blue";10
128;1;"F";"5XL";"blue";10
257;2;"M";"S";"black";10
258;2;"M";"M";"black";10
259;2;"M";"L";"black";10
260;2;"M";"XL";"black";10
261;2;"M";"XXL";"black";10
262;2;"M";"3XL";"black";10
263;2;"M";"4XL";"black";10
264;2;"M";"5XL";"black";10
265;2;"F";"S";"black";10
266;2;"F";"M";"black";10
267;2;"F";"L";"black";10
268;2;"F";"XL";"black";10
269;2;"F";"XXL";"black";10
270;2;"F";"3XL";"black";10
271;2;"F";"4XL";"black";10
272;2;"F";"5XL";"black";10
273;2;"M";"S";"grey";10
274;2;"M";"M";"grey";10
275;2;"M";"L";"grey";10
276;2;"M";"XL";"grey";10
277;2;"M";"XXL";"grey";10
278;2;"M";"3XL";"grey";10
279;2;"M";"4XL";"grey";10
280;2;"M";"5XL";"grey";10
281;2;"F";"S";"grey";10
282;2;"F";"M";"grey";10
283;2;"F";"L";"grey";10
284;2;"F";"XL";"grey";10
285;2;"F";"XXL";"grey";10
286;2;"F";"3XL";"grey";10
287;2;"F";"4XL";"grey";10
288;2;"F";"5XL";"grey";10
289;2;"M";"S";"white";10
290;2;"M";"M";"white";10
291;2;"M";"L";"white";10
292;2;"M";"XL";"white";10
293;2;"M";"XXL";"white";10
294;2;"M";"3XL";"white";10
295;2;"M";"4XL";"white";10
296;2;"M";"5XL";"white";10
297;2;"F";"S";"white";10
298;2;"F";"M";"white";10
299;2;"F";"L";"white";10
300;2;"F";"XL";"white";10
301;2;"F";"XXL";"white";10
302;2;"F";"3XL";"white";10
303;2;"F";"4XL";"white";10
304;2;"F";"5XL";"white";10
305;2;"M";"S";"green";10
306;2;"M";"M";"green";10
307;2;"M";"L";"green";10
308;2;"M";"XL";"green";10
309;2;"M";"XXL";"green";10
310;2;"M";"3XL";"green";10
311;2;"M";"4XL";"green";10
312;2;"M";"5XL";"green";10
313;2;"F";"S";"green";10
314;2;"F";"M";"green";10
315;2;"F";"L";"green";10
316;2;"F";"XL";"green";10
317;2;"F";"XXL";"green";10
318;2;"F";"3XL";"green";10
319;2;"F";"4XL";"green";10
320;2;"F";"5XL";"green";10
321;2;"M";"S";"orange";10
322;2;"M";"M";"orange";10
323;2;"M";"L";"orange";10
324;2;"M";"XL";"orange";10
325;2;"M";"XXL";"orange";10
326;2;"M";"3XL";"orange";10
327;2;"M";"4XL";"orange";10
328;2;"M";"5XL";"orange";10
329;2;"F";"S";"orange";10
330;2;"F";"M";"orange";10
331;2;"F";"L";"orange";10
332;2;"F";"XL";"orange";10
333;2;"F";"XXL";"orange";10
334;2;"F";"3XL";"orange";10
335;2;"F";"4XL";"orange";10
336;2;"F";"5XL";"orange";10
337;2;"M";"S";"red";10
338;2;"M";"M";"red";10
339;2;"M";"L";"red";10
340;2;"M";"XL";"red";10
341;2;"M";"XXL";"red";10
342;2;"M";"3XL";"red";10
343;2;"M";"4XL";"red";10
344;2;"M";"5XL";"red";10
345;2;"F";"S";"red";10
346;2;"F";"M";"red";10
347;2;"F";"L";"red";10
348;2;"F";"XL";"red";10
349;2;"F";"XXL";"red";10
350;2;"F";"3XL";"red";10
351;2;"F";"4XL";"red";10
352;2;"F";"5XL";"red";10
353;2;"M";"S";"purple";10
354;2;"M";"M";"purple";10
355;2;"M";"L";"purple";10
356;2;"M";"XL";"purple";10
357;2;"M";"XXL";"purple";10
358;2;"M";"3XL";"purple";10
359;2;"M";"4XL";"purple";10
360;2;"M";"5XL";"purple";10
361;2;"F";"S";"purple";10
362;2;"F";"M";"purple";10
363;2;"F";"L";"purple";10
364;2;"F";"XL";"purple";10
365;2;"F";"XXL";"purple";10
366;2;"F";"3XL";"purple";10
367;2;"F";"4XL";"purple";10
368;2;"F";"5XL";"purple";10
369;2;"M";"S";"blue";10
370;2;"M";"M";"blue";10
371;2;"M";"L";"blue";10
372;2;"M";"XL";"blue";10
373;2;"M";"XXL";"blue";10
374;2;"M";"3XL";"blue";10
375;2;"M";"4XL";"blue";10
376;2;"M";"5XL";"blue";10
377;2;"F";"S";"blue";10
378;2;"F";"M";"blue";10
379;2;"F";"L";"blue";10
380;2;"F";"XL";"blue";10
381;2;"F";"XXL";"blue";10
382;2;"F";"3XL";"blue";10
383;2;"F";"4XL";"blue";10
384;2;"F";"5XL";"blue";10
385;3;"M";"S";"black";10
386;3;"M";"M";"black";10
387;3;"M";"L";"black";10
388;3;"M";"XL";"black";10
389;3;"M";"XXL";"black";10
390;3;"M";"3XL";"black";10
391;3;"M";"4XL";"black";10
392;3;"M";"5XL";"black";10
393;3;"F";"S";"black";10
394;3;"F";"M";"black";10
395;3;"F";"L";"black";10
396;3;"F";"XL";"black";10
397;3;"F";"XXL";"black";10
398;3;"F";"3XL";"black";10
399;3;"F";"4XL";"black";10
400;3;"F";"5XL";"black";10
401;3;"M";"S";"grey";10
402;3;"M";"M";"grey";10
403;3;"M";"L";"grey";10
404;3;"M";"XL";"grey";10
405;3;"M";"XXL";"grey";10
406;3;"M";"3XL";"grey";10
407;3;"M";"4XL";"grey";10
408;3;"M";"5XL";"grey";10
409;3;"F";"S";"grey";10
410;3;"F";"M";"grey";10
411;3;"F";"L";"grey";10
412;3;"F";"XL";"grey";10
413;3;"F";"XXL";"grey";10
414;3;"F";"3XL";"grey";10
415;3;"F";"4XL";"grey";10
416;3;"F";"5XL";"grey";10
417;3;"M";"S";"white";10
418;3;"M";"M";"white";10
419;3;"M";"L";"white";10
420;3;"M";"XL";"white";10
421;3;"M";"XXL";"white";10
422;3;"M";"3XL";"white";10
423;3;"M";"4XL";"white";10
424;3;"M";"5XL";"white";10
425;3;"F";"S";"white";10
426;3;"F";"M";"white";10
427;3;"F";"L";"white";10
428;3;"F";"XL";"white";10
429;3;"F";"XXL";"white";10
430;3;"F";"3XL";"white";10
431;3;"F";"4XL";"white";10
432;3;"F";"5XL";"white";10
433;3;"M";"S";"green";10
434;3;"M";"M";"green";10
435;3;"M";"L";"green";10
436;3;"M";"XL";"green";10
437;3;"M";"XXL";"green";10
438;3;"M";"3XL";"green";10
439;3;"M";"4XL";"green";10
440;3;"M";"5XL";"green";10
441;3;"F";"S";"green";10
442;3;"F";"M";"green";10
443;3;"F";"L";"green";10
444;3;"F";"XL";"green";10
445;3;"F";"XXL";"green";10
446;3;"F";"3XL";"green";10
447;3;"F";"4XL";"green";10
448;3;"F";"5XL";"green";10
449;3;"M";"S";"orange";10
450;3;"M";"M";"orange";10
451;3;"M";"L";"orange";10
452;3;"M";"XL";"orange";10
453;3;"M";"XXL";"orange";10
454;3;"M";"3XL";"orange";10
455;3;"M";"4XL";"orange";10
456;3;"M";"5XL";"orange";10
457;3;"F";"S";"orange";10
458;3;"F";"M";"orange";10
459;3;"F";"L";"orange";10
460;3;"F";"XL";"orange";10
461;3;"F";"XXL";"orange";10
462;3;"F";"3XL";"orange";10
463;3;"F";"4XL";"orange";10
464;3;"F";"5XL";"orange";10
465;3;"M";"S";"red";10
466;3;"M";"M";"red";10
467;3;"M";"L";"red";10
468;3;"M";"XL";"red";10
469;3;"M";"XXL";"red";10
470;3;"M";"3XL";"red";10
471;3;"M";"4XL";"red";10
472;3;"M";"5XL";"red";10
473;3;"F";"S";"red";10
474;3;"F";"M";"red";10
475;3;"F";"L";"red";10
476;3;"F";"XL";"red";10
477;3;"F";"XXL";"red";10
478;3;"F";"3XL";"red";10
479;3;"F";"4XL";"red";10
480;3;"F";"5XL";"red";10
481;3;"M";"S";"purple";10
482;3;"M";"M";"purple";10
483;3;"M";"L";"purple";10
484;3;"M";"XL";"purple";10
485;3;"M";"XXL";"purple";10
486;3;"M";"3XL";"purple";10
487;3;"M";"4XL";"purple";10
488;3;"M";"5XL";"purple";10
489;3;"F";"S";"purple";10
490;3;"F";"M";"purple";10
491;3;"F";"L";"purple";10
492;3;"F";"XL";"purple";10
493;3;"F";"XXL";"purple";10
494;3;"F";"3XL";"purple";10
495;3;"F";"4XL";"purple";10
496;3;"F";"5XL";"purple";10
497;3;"M";"S";"blue";10
498;3;"M";"M";"blue";10
499;3;"M";"L";"blue";10
500;3;"M";"XL";"blue";10
501;3;"M";"XXL";"blue";10
502;3;"M";"3XL";"blue";10
503;3;"M";"4XL";"blue";10
504;3;"M";"5XL";"blue";10
505;3;"F";"S";"blue";10
506;3;"F";"M";"blue";10
507;3;"F";"L";"blue";10
508;3;"F";"XL";"blue";10
509;3;"F";"XXL";"blue";10
510;3;"F";"3XL";"blue";10
511;3;"F";"4XL";"blue";10
512;3;"F";"5XL";"blue";10
513;4;"M";"S";"black";10
514;4;"M";"M";"black";10
515;4;"M";"L";"black";10
516;4;"M";"XL";"black";10
517;4;"M";"XXL";"black";10
518;4;"M";"3XL";"black";10
519;4;"M";"4XL";"black";10
520;4;"M";"5XL";"black";10
521;4;"F";"S";"black";10
522;4;"F";"M";"black";10
523;4;"F";"L";"black";10
524;4;"F";"XL";"black";10
525;4;"F";"XXL";"black";10
526;4;"F";"3XL";"black";10
527;4;"F";"4XL";"black";10
528;4;"F";"5XL";"black";10
529;4;"M";"S";"grey";10
530;4;"M";"M";"grey";10
531;4;"M";"L";"grey";10
532;4;"M";"XL";"grey";10
533;4;"M";"XXL";"grey";10
534;4;"M";"3XL";"grey";10
535;4;"M";"4XL";"grey";10
536;4;"M";"5XL";"grey";10
537;4;"F";"S";"grey";10
538;4;"F";"M";"grey";10
539;4;"F";"L";"grey";10
540;4;"F";"XL";"grey";10
541;4;"F";"XXL";"grey";10
542;4;"F";"3XL";"grey";10
543;4;"F";"4XL";"grey";10
544;4;"F";"5XL";"grey";10
545;4;"M";"S";"white";10
546;4;"M";"M";"white";10
547;4;"M";"L";"white";10
548;4;"M";"XL";"white";10
549;4;"M";"XXL";"white";10
550;4;"M";"3XL";"white";10
551;4;"M";"4XL";"white";10
552;4;"M";"5XL";"white";10
553;4;"F";"S";"white";10
554;4;"F";"M";"white";10
555;4;"F";"L";"white";10
556;4;"F";"XL";"white";10
557;4;"F";"XXL";"white";10
558;4;"F";"3XL";"white";10
559;4;"F";"4XL";"white";10
560;4;"F";"5XL";"white";10
561;4;"M";"S";"green";10
562;4;"M";"M";"green";10
563;4;"M";"L";"green";10
564;4;"M";"XL";"green";10
565;4;"M";"XXL";"green";10
566;4;"M";"3XL";"green";10
567;4;"M";"4XL";"green";10
568;4;"M";"5XL";"green";10
569;4;"F";"S";"green";10
570;4;"F";"M";"green";10
571;4;"F";"L";"green";10
572;4;"F";"XL";"green";10
573;4;"F";"XXL";"green";10
574;4;"F";"3XL";"green";10
575;4;"F";"4XL";"green";10
576;4;"F";"5XL";"green";10
577;4;"M";"S";"orange";10
578;4;"M";"M";"orange";10
579;4;"M";"L";"orange";10
580;4;"M";"XL";"orange";10
581;4;"M";"XXL";"orange";10
582;4;"M";"3XL";"orange";10
583;4;"M";"4XL";"orange";10
584;4;"M";"5XL";"orange";10
585;4;"F";"S";"orange";10
586;4;"F";"M";"orange";10
587;4;"F";"L";"orange";10
588;4;"F";"XL";"orange";10
589;4;"F";"XXL";"orange";10
590;4;"F";"3XL";"orange";10
591;4;"F";"4XL";"orange";10
592;4;"F";"5XL";"orange";10
593;4;"M";"S";"red";10
594;4;"M";"M";"red";10
595;4;"M";"L";"red";10
596;4;"M";"XL";"red";10
597;4;"M";"XXL";"red";10
598;4;"M";"3XL";"red";10
599;4;"M";"4XL";"red";10
600;4;"M";"5XL";"red";10
601;4;"F";"S";"red";10
602;4;"F";"M";"red";10
603;4;"F";"L";"red";10
604;4;"F";"XL";"red";10
605;4;"F";"XXL";"red";10
606;4;"F";"3XL";"red";10
607;4;"F";"4XL";"red";10
608;4;"F";"5XL";"red";10
609;4;"M";"S";"purple";10
610;4;"M";"M";"purple";10
611;4;"M";"L";"purple";10
612;4;"M";"XL";"purple";10
613;4;"M";"XXL";"purple";10
614;4;"M";"3XL";"purple";10
615;4;"M";"4XL";"purple";10
616;4;"M";"5XL";"purple";10
617;4;"F";"S";"purple";10
618;4;"F";"M";"purple";10
619;4;"F";"L";"purple";10
620;4;"F";"XL";"purple";10
621;4;"F";"XXL";"purple";10
622;4;"F";"3XL";"purple";10
623;4;"F";"4XL";"purple";10
624;4;"F";"5XL";"purple";10
625;4;"M";"S";"blue";10
626;4;"M";"M";"blue";10
627;4;"M";"L";"blue";10
628;4;"M";"XL";"blue";10
629;4;"M";"XXL";"blue";10
630;4;"M";"3XL";"blue";10
631;4;"M";"4XL";"blue";10
632;4;"M";"5XL";"blue";10
633;4;"F";"S";"blue";10
634;4;"F";"M";"blue";10
635;4;"F";"L";"blue";10
636;4;"F";"XL";"blue";10
637;4;"F";"XXL";"blue";10
638;4;"F";"3XL";"blue";10
639;4;"F";"4XL";"blue";10
640;4;"F";"5XL";"blue";10
641;5;"M";"S";"black";10
642;5;"M";"M";"black";10
643;5;"M";"L";"black";10
644;5;"M";"XL";"black";10
645;5;"M";"XXL";"black";10
646;5;"M";"3XL";"black";10
647;5;"M";"4XL";"black";10
648;5;"M";"5XL";"black";10
649;5;"F";"S";"black";10
650;5;"F";"M";"black";10
651;5;"F";"L";"black";10
652;5;"F";"XL";"black";10
653;5;"F";"XXL";"black";10
654;5;"F";"3XL";"black";10
655;5;"F";"4XL";"black";10
656;5;"F";"5XL";"black";10
657;5;"M";"S";"grey";10
658;5;"M";"M";"grey";10
659;5;"M";"L";"grey";10
660;5;"M";"XL";"grey";10
661;5;"M";"XXL";"grey";10
662;5;"M";"3XL";"grey";10
663;5;"M";"4XL";"grey";10
664;5;"M";"5XL";"grey";10
665;5;"F";"S";"grey";10
666;5;"F";"M";"grey";10
667;5;"F";"L";"grey";10
668;5;"F";"XL";"grey";10
669;5;"F";"XXL";"grey";10
670;5;"F";"3XL";"grey";10
671;5;"F";"4XL";"grey";10
672;5;"F";"5XL";"grey";10
673;5;"M";"S";"white";10
674;5;"M";"M";"white";10
675;5;"M";"L";"white";10
676;5;"M";"XL";"white";10
677;5;"M";"XXL";"white";10
678;5;"M";"3XL";"white";10
679;5;"M";"4XL";"white";10
680;5;"M";"5XL";"white";10
681;5;"F";"S";"white";10
682;5;"F";"M";"white";10
683;5;"F";"L";"white";10
684;5;"F";"XL";"white";10
685;5;"F";"XXL";"white";10
686;5;"F";"3XL";"white";10
687;5;"F";"4XL";"white";10
688;5;"F";"5XL";"white";10
689;5;"M";"S";"green";10
690;5;"M";"M";"green";10
691;5;"M";"L";"green";10
692;5;"M";"XL";"green";10
693;5;"M";"XXL";"green";10
694;5;"M";"3XL";"green";10
695;5;"M";"4XL";"green";10
696;5;"M";"5XL";"green";10
697;5;"F";"S";"green";10
698;5;"F";"M";"green";10
699;5;"F";"L";"green";10
700;5;"F";"XL";"green";10
701;5;"F";"XXL";"green";10
702;5;"F";"3XL";"green";10
703;5;"F";"4XL";"green";10
704;5;"F";"5XL";"green";10
705;5;"M";"S";"orange";10
706;5;"M";"M";"orange";10
707;5;"M";"L";"orange";10
708;5;"M";"XL";"orange";10
709;5;"M";"XXL";"orange";10
710;5;"M";"3XL";"orange";10
711;5;"M";"4XL";"orange";10
712;5;"M";"5XL";"orange";10
713;5;"F";"S";"orange";10
714;5;"F";"M";"orange";10
715;5;"F";"L";"orange";10
716;5;"F";"XL";"orange";10
717;5;"F";"XXL";"orange";10
718;5;"F";"3XL";"orange";10
719;5;"F";"4XL";"orange";10
720;5;"F";"5XL";"orange";10
721;5;"M";"S";"red";10
722;5;"M";"M";"red";10
723;5;"M";"L";"red";10
724;5;"M";"XL";"red";10
725;5;"M";"XXL";"red";10
726;5;"M";"3XL";"red";10
727;5;"M";"4XL";"red";10
728;5;"M";"5XL";"red";10
729;5;"F";"S";"red";10
730;5;"F";"M";"red";10
731;5;"F";"L";"red";10
732;5;"F";"XL";"red";10
733;5;"F";"XXL";"red";10
734;5;"F";"3XL";"red";10
735;5;"F";"4XL";"red";10
736;5;"F";"5XL";"red";10
737;5;"M";"S";"purple";10
738;5;"M";"M";"purple";10
739;5;"M";"L";"purple";10
740;5;"M";"XL";"purple";10
741;5;"M";"XXL";"purple";10
742;5;"M";"3XL";"purple";10
743;5;"M";"4XL";"purple";10
744;5;"M";"5XL";"purple";10
745;5;"F";"S";"purple";10
746;5;"F";"M";"purple";10
747;5;"F";"L";"purple";10
748;5;"F";"XL";"purple";10
749;5;"F";"XXL";"purple";10
750;5;"F";"3XL";"purple";10
751;5;"F";"4XL";"purple";10
752;5;"F";"5XL";"purple";10
753;5;"M";"S";"blue";10
754;5;"M";"M";"blue";10
755;5;"M";"L";"blue";10
756;5;"M";"XL";"blue";10
757;5;"M";"XXL";"blue";10
758;5;"M";"3XL";"blue";10
759;5;"M";"4XL";"blue";10
760;5;"M";"5XL";"blue";10
761;5;"F";"S";"blue";10
762;5;"F";"M";"blue";10
763;5;"F";"L";"blue";10
764;5;"F";"XL";"blue";10
765;5;"F";"XXL";"blue";10
766;5;"F";"3XL";"blue";10
767;5;"F";"4XL";"blue";10
768;5;"F";"5XL";"blue";10
769;6;"M";"S";"black";10
770;6;"M";"M";"black";10
771;6;"M";"L";"black";10
772;6;"M";"XL";"black";10
773;6;"M";"XXL";"black";10
774;6;"M";"3XL";"black";10
775;6;"M";"4XL";"black";10
776;6;"M";"5XL";"black";10
777;6;"F";"S";"black";10
778;6;"F";"M";"black";10
779;6;"F";"L";"black";10
780;6;"F";"XL";"black";10
781;6;"F";"XXL";"black";10
782;6;"F";"3XL";"black";10
783;6;"F";"4XL";"black";10
784;6;"F";"5XL";"black";10
785;6;"M";"S";"grey";10
786;6;"M";"M";"grey";10
787;6;"M";"L";"grey";10
788;6;"M";"XL";"grey";10
789;6;"M";"XXL";"grey";10
790;6;"M";"3XL";"grey";10
791;6;"M";"4XL";"grey";10
792;6;"M";"5XL";"grey";10
793;6;"F";"S";"grey";10
794;6;"F";"M";"grey";10
795;6;"F";"L";"grey";10
796;6;"F";"XL";"grey";10
797;6;"F";"XXL";"grey";10
798;6;"F";"3XL";"grey";10
799;6;"F";"4XL";"grey";10
800;6;"F";"5XL";"grey";10
801;6;"M";"S";"white";10
802;6;"M";"M";"white";10
803;6;"M";"L";"white";10
804;6;"M";"XL";"white";10
805;6;"M";"XXL";"white";10
806;6;"M";"3XL";"white";10
807;6;"M";"4XL";"white";10
808;6;"M";"5XL";"white";10
809;6;"F";"S";"white";10
810;6;"F";"M";"white";10
811;6;"F";"L";"white";10
812;6;"F";"XL";"white";10
813;6;"F";"XXL";"white";10
814;6;"F";"3XL";"white";10
815;6;"F";"4XL";"white";10
816;6;"F";"5XL";"white";10
817;6;"M";"S";"green";10
818;6;"M";"M";"green";10
819;6;"M";"L";"green";10
820;6;"M";"XL";"green";10
821;6;"M";"XXL";"green";10
822;6;"M";"3XL";"green";10
823;6;"M";"4XL";"green";10
824;6;"M";"5XL";"green";10
825;6;"F";"S";"green";10
826;6;"F";"M";"green";10
827;6;"F";"L";"green";10
828;6;"F";"XL";"green";10
829;6;"F";"XXL";"green";10
830;6;"F";"3XL";"green";10
831;6;"F";"4XL";"green";10
832;6;"F";"5XL";"green";10
833;6;"M";"S";"orange";10
834;6;"M";"M";"orange";10
835;6;"M";"L";"orange";10
836;6;"M";"XL";"orange";10
837;6;"M";"XXL";"orange";10
838;6;"M";"3XL";"orange";10
839;6;"M";"4XL";"orange";10
840;6;"M";"5XL";"orange";10
841;6;"F";"S";"orange";10
842;6;"F";"M";"orange";10
843;6;"F";"L";"orange";10
844;6;"F";"XL";"orange";10
845;6;"F";"XXL";"orange";10
846;6;"F";"3XL";"orange";10
847;6;"F";"4XL";"orange";10
848;6;"F";"5XL";"orange";10
849;6;"M";"S";"red";10
850;6;"M";"M";"red";10
851;6;"M";"L";"red";10
852;6;"M";"XL";"red";10
853;6;"M";"XXL";"red";10
854;6;"M";"3XL";"red";10
855;6;"M";"4XL";"red";10
856;6;"M";"5XL";"red";10
857;6;"F";"S";"red";10
858;6;"F";"M";"red";10
859;6;"F";"L";"red";10
860;6;"F";"XL";"red";10
861;6;"F";"XXL";"red";10
862;6;"F";"3XL";"red";10
863;6;"F";"4XL";"red";10
864;6;"F";"5XL";"red";10
865;6;"M";"S";"purple";10
866;6;"M";"M";"purple";10
867;6;"M";"L";"purple";10
868;6;"M";"XL";"purple";10
869;6;"M";"XXL";"purple";10
870;6;"M";"3XL";"purple";10
871;6;"M";"4XL";"purple";10
872;6;"M";"5XL";"purple";10
873;6;"F";"S";"purple";10
874;6;"F";"M";"purple";10
875;6;"F";"L";"purple";10
876;6;"F";"XL";"purple";10
877;6;"F";"XXL";"purple";10
878;6;"F";"3XL";"purple";10
879;6;"F";"4XL";"purple";10
880;6;"F";"5XL";"purple";10
881;6;"M";"S";"blue";10
882;6;"M";"M";"blue";10
883;6;"M";"L";"blue";10
884;6;"M";"XL";"blue";10
885;6;"M";"XXL";"blue";10
886;6;"M";"3XL";"blue";10
887;6;"M";"4XL";"blue";10
888;6;"M";"5XL";"blue";10
889;6;"F";"S";"blue";10
890;6;"F";"M";"blue";10
891;6;"F";"L";"blue";10
892;6;"F";"XL";"blue";10
893;6;"F";"XXL";"blue";10
894;6;"F";"3XL";"blue";10
895;6;"F";"4XL";"blue";10
896;6;"F";"5XL";"blue";10
897;7;"M";"S";"black";10
898;7;"M";"M";"black";10
899;7;"M";"L";"black";10
900;7;"M";"XL";"black";10
901;7;"M";"XXL";"black";10
902;7;"M";"3XL";"black";10
903;7;"M";"4XL";"black";10
904;7;"M";"5XL";"black";10
905;7;"F";"S";"black";10
906;7;"F";"M";"black";10
907;7;"F";"L";"black";10
908;7;"F";"XL";"black";10
909;7;"F";"XXL";"black";10
910;7;"F";"3XL";"black";10
911;7;"F";"4XL";"black";10
912;7;"F";"5XL";"black";10
913;7;"M";"S";"grey";10
914;7;"M";"M";"grey";10
915;7;"M";"L";"grey";10
916;7;"M";"XL";"grey";10
917;7;"M";"XXL";"grey";10
918;7;"M";"3XL";"grey";10
919;7;"M";"4XL";"grey";10
920;7;"M";"5XL";"grey";10
921;7;"F";"S";"grey";10
922;7;"F";"M";"grey";10
923;7;"F";"L";"grey";10
924;7;"F";"XL";"grey";10
925;7;"F";"XXL";"grey";10
926;7;"F";"3XL";"grey";10
927;7;"F";"4XL";"grey";10
928;7;"F";"5XL";"grey";10
929;7;"M";"S";"white";10
930;7;"M";"M";"white";10
931;7;"M";"L";"white";10
932;7;"M";"XL";"white";10
933;7;"M";"XXL";"white";10
934;7;"M";"3XL";"white";10
935;7;"M";"4XL";"white";10
936;7;"M";"5XL";"white";10
937;7;"F";"S";"white";10
938;7;"F";"M";"white";10
939;7;"F";"L";"white";10
940;7;"F";"XL";"white";10
941;7;"F";"XXL";"white";10
942;7;"F";"3XL";"white";10
943;7;"F";"4XL";"white";10
944;7;"F";"5XL";"white";10
945;7;"M";"S";"green";10
946;7;"M";"M";"green";10
947;7;"M";"L";"green";10
948;7;"M";"XL";"green";10
949;7;"M";"XXL";"green";10
950;7;"M";"3XL";"green";10
951;7;"M";"4XL";"green";10
952;7;"M";"5XL";"green";10
953;7;"F";"S";"green";10
954;7;"F";"M";"green";10
955;7;"F";"L";"green";10
956;7;"F";"XL";"green";10
957;7;"F";"XXL";"green";10
958;7;"F";"3XL";"green";10
959;7;"F";"4XL";"green";10
960;7;"F";"5XL";"green";10
961;7;"M";"S";"orange";10
962;7;"M";"M";"orange";10
963;7;"M";"L";"orange";10
964;7;"M";"XL";"orange";10
965;7;"M";"XXL";"orange";10
966;7;"M";"3XL";"orange";10
967;7;"M";"4XL";"orange";10
968;7;"M";"5XL";"orange";10
969;7;"F";"S";"orange";10
970;7;"F";"M";"orange";10
971;7;"F";"L";"orange";10
972;7;"F";"XL";"orange";10
973;7;"F";"XXL";"orange";10
974;7;"F";"3XL";"orange";10
975;7;"F";"4XL";"orange";10
976;7;"F";"5XL";"orange";10
977;7;"M";"S";"red";10
978;7;"M";"M";"red";10
979;7;"M";"L";"red";10
980;7;"M";"XL";"red";10
981;7;"M";"XXL";"red";10
982;7;"M";"3XL";"red";10
983;7;"M";"4XL";"red";10
984;7;"M";"5XL";"red";10
985;7;"F";"S";"red";10
986;7;"F";"M";"red";10
987;7;"F";"L";"red";10
988;7;"F";"XL";"red";10
989;7;"F";"XXL";"red";10
990;7;"F";"3XL";"red";10
991;7;"F";"4XL";"red";10
992;7;"F";"5XL";"red";10
993;7;"M";"S";"purple";10
994;7;"M";"M";"purple";10
995;7;"M";"L";"purple";10
996;7;"M";"XL";"purple";10
997;7;"M";"XXL";"purple";10
998;7;"M";"3XL";"purple";10
999;7;"M";"4XL";"purple";10
1000;7;"M";"5XL";"purple";10
1001;7;"F";"S";"purple";10
1002;7;"F";"M";"purple";10
1003;7;"F";"L";"purple";10
1004;7;"F";"XL";"purple";10
1005;7;"F";"XXL";"purple";10
1006;7;"F";"3XL";"purple";10
1007;7;"F";"4XL";"purple";10
1008;7;"F";"5XL";"purple";10
1009;7;"M";"S";"blue";10
1010;7;"M";"M";"blue";10
1011;7;"M";"L";"blue";10
1012;7;"M";"XL";"blue";10
1013;7;"M";"XXL";"blue";10
1014;7;"M";"3XL";"blue";10
1015;7;"M";"4XL";"blue";10
1016;7;"M";"5XL";"blue";10
1017;7;"F";"S";"blue";10
1018;7;"F";"M";"blue";10
1019;7;"F";"L";"blue";10
1020;7;"F";"XL";"blue";10
1021;7;"F";"XXL";"blue";10
1022;7;"F";"3XL";"blue";10
1023;7;"F";"4XL";"blue";10
1024;7;"F";"5XL";"blue";10
1025;8;"M";"S";"black";10
1026;8;"M";"M";"black";10
1027;8;"M";"L";"black";10
1028;8;"M";"XL";"black";10
1029;8;"M";"XXL";"black";10
1030;8;"M";"3XL";"black";10
1031;8;"M";"4XL";"black";10
1032;8;"M";"5XL";"black";10
1033;8;"F";"S";"black";10
1034;8;"F";"M";"black";10
1035;8;"F";"L";"black";10
1036;8;"F";"XL";"black";10
1037;8;"F";"XXL";"black";10
1038;8;"F";"3XL";"black";10
1039;8;"F";"4XL";"black";10
1040;8;"F";"5XL";"black";10
1041;8;"M";"S";"grey";10
1042;8;"M";"M";"grey";10
1043;8;"M";"L";"grey";10
1044;8;"M";"XL";"grey";10
1045;8;"M";"XXL";"grey";10
1046;8;"M";"3XL";"grey";10
1047;8;"M";"4XL";"grey";10
1048;8;"M";"5XL";"grey";10
1049;8;"F";"S";"grey";10
1050;8;"F";"M";"grey";10
1051;8;"F";"L";"grey";10
1052;8;"F";"XL";"grey";10
1053;8;"F";"XXL";"grey";10
1054;8;"F";"3XL";"grey";10
1055;8;"F";"4XL";"grey";10
1056;8;"F";"5XL";"grey";10
1057;8;"M";"S";"white";10
1058;8;"M";"M";"white";10
1059;8;"M";"L";"white";10
1060;8;"M";"XL";"white";10
1061;8;"M";"XXL";"white";10
1062;8;"M";"3XL";"white";10
1063;8;"M";"4XL";"white";10
1064;8;"M";"5XL";"white";10
1065;8;"F";"S";"white";10
1066;8;"F";"M";"white";10
1067;8;"F";"L";"white";10
1068;8;"F";"XL";"white";10
1069;8;"F";"XXL";"white";10
1070;8;"F";"3XL";"white";10
1071;8;"F";"4XL";"white";10
1072;8;"F";"5XL";"white";10
1073;8;"M";"S";"green";10
1074;8;"M";"M";"green";10
1075;8;"M";"L";"green";10
1076;8;"M";"XL";"green";10
1077;8;"M";"XXL";"green";10
1078;8;"M";"3XL";"green";10
1079;8;"M";"4XL";"green";10
1080;8;"M";"5XL";"green";10
1081;8;"F";"S";"green";10
1082;8;"F";"M";"green";10
1083;8;"F";"L";"green";10
1084;8;"F";"XL";"green";10
1085;8;"F";"XXL";"green";10
1086;8;"F";"3XL";"green";10
1087;8;"F";"4XL";"green";10
1088;8;"F";"5XL";"green";10
1089;8;"M";"S";"orange";10
1090;8;"M";"M";"orange";10
1091;8;"M";"L";"orange";10
1092;8;"M";"XL";"orange";10
1093;8;"M";"XXL";"orange";10
1094;8;"M";"3XL";"orange";10
1095;8;"M";"4XL";"orange";10
1096;8;"M";"5XL";"orange";10
1097;8;"F";"S";"orange";10
1098;8;"F";"M";"orange";10
1099;8;"F";"L";"orange";10
1100;8;"F";"XL";"orange";10
1101;8;"F";"XXL";"orange";10
1102;8;"F";"3XL";"orange";10
1103;8;"F";"4XL";"orange";10
1104;8;"F";"5XL";"orange";10
1105;8;"M";"S";"red";10
1106;8;"M";"M";"red";10
1107;8;"M";"L";"red";10
1108;8;"M";"XL";"red";10
1109;8;"M";"XXL";"red";10
1110;8;"M";"3XL";"red";10
1111;8;"M";"4XL";"red";10
1112;8;"M";"5XL";"red";10
1113;8;"F";"S";"red";10
1114;8;"F";"M";"red";10
1115;8;"F";"L";"red";10
1116;8;"F";"XL";"red";10
1117;8;"F";"XXL";"red";10
1118;8;"F";"3XL";"red";10
1119;8;"F";"4XL";"red";10
1120;8;"F";"5XL";"red";10
1121;8;"M";"S";"purple";10
1122;8;"M";"M";"purple";10
1123;8;"M";"L";"purple";10
1124;8;"M";"XL";"purple";10
1125;8;"M";"XXL";"purple";10
1126;8;"M";"3XL";"purple";10
1127;8;"M";"4XL";"purple";10
1128;8;"M";"5XL";"purple";10
1129;8;"F";"S";"purple";10
1130;8;"F";"M";"purple";10
1131;8;"F";"L";"purple";10
1132;8;"F";"XL";"purple";10
1133;8;"F";"XXL";"purple";10
1134;8;"F";"3XL";"purple";10
1135;8;"F";"4XL";"purple";10
1136;8;"F";"5XL";"purple";10
1137;8;"M";"S";"blue";10
1138;8;"M";"M";"blue";10
1139;8;"M";"L";"blue";10
1140;8;"M";"XL";"blue";10
1141;8;"M";"XXL";"blue";10
1142;8;"M";"3XL";"blue";10
1143;8;"M";"4XL";"blue";10
1144;8;"M";"5XL";"blue";10
1145;8;"F";"S";"blue";10
1146;8;"F";"M";"blue";10
1147;8;"F";"L";"blue";10
1148;8;"F";"XL";"blue";10
1149;8;"F";"XXL";"blue";10
1150;8;"F";"3XL";"blue";10
1151;8;"F";"4XL";"blue";10
1152;8;"F";"5XL";"blue";10
1153;9;"M";"S";"black";10
1154;9;"M";"M";"black";10
1155;9;"M";"L";"black";10
1156;9;"M";"XL";"black";10
1157;9;"M";"XXL";"black";10
1158;9;"M";"3XL";"black";10
1159;9;"M";"4XL";"black";10
1160;9;"M";"5XL";"black";10
1161;9;"F";"S";"black";10
1162;9;"F";"M";"black";10
1163;9;"F";"L";"black";10
1164;9;"F";"XL";"black";10
1165;9;"F";"XXL";"black";10
1166;9;"F";"3XL";"black";10
1167;9;"F";"4XL";"black";10
1168;9;"F";"5XL";"black";10
1169;9;"M";"S";"grey";10
1170;9;"M";"M";"grey";10
1171;9;"M";"L";"grey";10
1172;9;"M";"XL";"grey";10
1173;9;"M";"XXL";"grey";10
1174;9;"M";"3XL";"grey";10
1175;9;"M";"4XL";"grey";10
1176;9;"M";"5XL";"grey";10
1177;9;"F";"S";"grey";10
1178;9;"F";"M";"grey";10
1179;9;"F";"L";"grey";10
1180;9;"F";"XL";"grey";10
1181;9;"F";"XXL";"grey";10
1182;9;"F";"3XL";"grey";10
1183;9;"F";"4XL";"grey";10
1184;9;"F";"5XL";"grey";10
1185;9;"M";"S";"white";10
1186;9;"M";"M";"white";10
1187;9;"M";"L";"white";10
1188;9;"M";"XL";"white";10
1189;9;"M";"XXL";"white";10
1190;9;"M";"3XL";"white";10
1191;9;"M";"4XL";"white";10
1192;9;"M";"5XL";"white";10
1193;9;"F";"S";"white";10
1194;9;"F";"M";"white";10
1195;9;"F";"L";"white";10
1196;9;"F";"XL";"white";10
1197;9;"F";"XXL";"white";10
1198;9;"F";"3XL";"white";10
1199;9;"F";"4XL";"white";10
1200;9;"F";"5XL";"white";10
1201;9;"M";"S";"green";10
1202;9;"M";"M";"green";10
1203;9;"M";"L";"green";10
1204;9;"M";"XL";"green";10
1205;9;"M";"XXL";"green";10
1206;9;"M";"3XL";"green";10
1207;9;"M";"4XL";"green";10
1208;9;"M";"5XL";"green";10
1209;9;"F";"S";"green";10
1210;9;"F";"M";"green";10
1211;9;"F";"L";"green";10
1212;9;"F";"XL";"green";10
1213;9;"F";"XXL";"green";10
1214;9;"F";"3XL";"green";10
1215;9;"F";"4XL";"green";10
1216;9;"F";"5XL";"green";10
1217;9;"M";"S";"orange";10
1218;9;"M";"M";"orange";10
1219;9;"M";"L";"orange";10
1220;9;"M";"XL";"orange";10
1221;9;"M";"XXL";"orange";10
1222;9;"M";"3XL";"orange";10
1223;9;"M";"4XL";"orange";10
1224;9;"M";"5XL";"orange";10
1225;9;"F";"S";"orange";10
1226;9;"F";"M";"orange";10
1227;9;"F";"L";"orange";10
1228;9;"F";"XL";"orange";10
1229;9;"F";"XXL";"orange";10
1230;9;"F";"3XL";"orange";10
1231;9;"F";"4XL";"orange";10
1232;9;"F";"5XL";"orange";10
1233;9;"M";"S";"red";10
1234;9;"M";"M";"red";10
1235;9;"M";"L";"red";10
1236;9;"M";"XL";"red";10
1237;9;"M";"XXL";"red";10
1238;9;"M";"3XL";"red";10
1239;9;"M";"4XL";"red";10
1240;9;"M";"5XL";"red";10
1241;9;"F";"S";"red";10
1242;9;"F";"M";"red";10
1243;9;"F";"L";"red";10
1244;9;"F";"XL";"red";10
1245;9;"F";"XXL";"red";10
1246;9;"F";"3XL";"red";10
1247;9;"F";"4XL";"red";10
1248;9;"F";"5XL";"red";10
1249;9;"M";"S";"purple";10
1250;9;"M";"M";"purple";10
1251;9;"M";"L";"purple";10
1252;9;"M";"XL";"purple";10
1253;9;"M";"XXL";"purple";10
1254;9;"M";"3XL";"purple";10
1255;9;"M";"4XL";"purple";10
1256;9;"M";"5XL";"purple";10
1257;9;"F";"S";"purple";10
1258;9;"F";"M";"purple";10
1259;9;"F";"L";"purple";10
1260;9;"F";"XL";"purple";10
1261;9;"F";"XXL";"purple";10
1262;9;"F";"3XL";"purple";10
1263;9;"F";"4XL";"purple";10
1264;9;"F";"5XL";"purple";10
1265;9;"M";"S";"blue";10
1266;9;"M";"M";"blue";10
1267;9;"M";"L";"blue";10
1268;9;"M";"XL";"blue";10
1269;9;"M";"XXL";"blue";10
1270;9;"M";"3XL";"blue";10
1271;9;"M";"4XL";"blue";10
1272;9;"M";"5XL";"blue";10
1273;9;"F";"S";"blue";10
1274;9;"F";"M";"blue";10
1275;9;"F";"L";"blue";10
1276;9;"F";"XL";"blue";10
1277;9;"F";"XXL";"blue";10
1278;9;"F";"3XL";"blue";10
1279;9;"F";"4XL";"blue";10
1280;9;"F";"5XL";"blue";10
1281;10;"M";"S";"black";10
1282;10;"M";"M";"black";10
1283;10;"M";"L";"black";10
1284;10;"M";"XL";"black";10
1285;10;"M";"XXL";"black";10
1286;10;"M";"3XL";"black";10
1287;10;"M";"4XL";"black";10
1288;10;"M";"5XL";"black";10
1289;10;"F";"S";"black";10
1290;10;"F";"M";"black";10
1291;10;"F";"L";"black";10
1292;10;"F";"XL";"black";10
1293;10;"F";"XXL";"black";10
1294;10;"F";"3XL";"black";10
1295;10;"F";"4XL";"black";10
1296;10;"F";"5XL";"black";10
1297;10;"M";"S";"grey";10
1298;10;"M";"M";"grey";10
1299;10;"M";"L";"grey";10
1300;10;"M";"XL";"grey";10
1301;10;"M";"XXL";"grey";10
1302;10;"M";"3XL";"grey";10
1303;10;"M";"4XL";"grey";10
1304;10;"M";"5XL";"grey";10
1305;10;"F";"S";"grey";10
1306;10;"F";"M";"grey";10
1307;10;"F";"L";"grey";10
1308;10;"F";"XL";"grey";10
1309;10;"F";"XXL";"grey";10
1310;10;"F";"3XL";"grey";10
1311;10;"F";"4XL";"grey";10
1312;10;"F";"5XL";"grey";10
1313;10;"M";"S";"white";10
1314;10;"M";"M";"white";10
1315;10;"M";"L";"white";10
1316;10;"M";"XL";"white";10
1317;10;"M";"XXL";"white";10
1318;10;"M";"3XL";"white";10
1319;10;"M";"4XL";"white";10
1320;10;"M";"5XL";"white";10
1321;10;"F";"S";"white";10
1322;10;"F";"M";"white";10
1323;10;"F";"L";"white";10
1324;10;"F";"XL";"white";10
1325;10;"F";"XXL";"white";10
1326;10;"F";"3XL";"white";10
1327;10;"F";"4XL";"white";10
1328;10;"F";"5XL";"white";10
1329;10;"M";"S";"green";10
1330;10;"M";"M";"green";10
1331;10;"M";"L";"green";10
1332;10;"M";"XL";"green";10
1333;10;"M";"XXL";"green";10
1334;10;"M";"3XL";"green";10
1335;10;"M";"4XL";"green";10
1336;10;"M";"5XL";"green";10
1337;10;"F";"S";"green";10
1338;10;"F";"M";"green";10
1339;10;"F";"L";"green";10
1340;10;"F";"XL";"green";10
1341;10;"F";"XXL";"green";10
1342;10;"F";"3XL";"green";10
1343;10;"F";"4XL";"green";10
1344;10;"F";"5XL";"green";10
1345;10;"M";"S";"orange";10
1346;10;"M";"M";"orange";10
1347;10;"M";"L";"orange";10
1348;10;"M";"XL";"orange";10
1349;10;"M";"XXL";"orange";10
1350;10;"M";"3XL";"orange";10
1351;10;"M";"4XL";"orange";10
1352;10;"M";"5XL";"orange";10
1353;10;"F";"S";"orange";10
1354;10;"F";"M";"orange";10
1355;10;"F";"L";"orange";10
1356;10;"F";"XL";"orange";10
1357;10;"F";"XXL";"orange";10
1358;10;"F";"3XL";"orange";10
1359;10;"F";"4XL";"orange";10
1360;10;"F";"5XL";"orange";10
1361;10;"M";"S";"red";10
1362;10;"M";"M";"red";10
1363;10;"M";"L";"red";10
1364;10;"M";"XL";"red";10
1365;10;"M";"XXL";"red";10
1366;10;"M";"3XL";"red";10
1367;10;"M";"4XL";"red";10
1368;10;"M";"5XL";"red";10
1369;10;"F";"S";"red";10
1370;10;"F";"M";"red";10
1371;10;"F";"L";"red";10
1372;10;"F";"XL";"red";10
1373;10;"F";"XXL";"red";10
1374;10;"F";"3XL";"red";10
1375;10;"F";"4XL";"red";10
1376;10;"F";"5XL";"red";10
1377;10;"M";"S";"purple";10
1378;10;"M";"M";"purple";10
1379;10;"M";"L";"purple";10
1380;10;"M";"XL";"purple";10
1381;10;"M";"XXL";"purple";10
1382;10;"M";"3XL";"purple";10
1383;10;"M";"4XL";"purple";10
1384;10;"M";"5XL";"purple";10
1385;10;"F";"S";"purple";10
1386;10;"F";"M";"purple";10
1387;10;"F";"L";"purple";10
1388;10;"F";"XL";"purple";10
1389;10;"F";"XXL";"purple";10
1390;10;"F";"3XL";"purple";10
1391;10;"F";"4XL";"purple";10
1392;10;"F";"5XL";"purple";10
1393;10;"M";"S";"blue";10
1394;10;"M";"M";"blue";10
1395;10;"M";"L";"blue";10
1396;10;"M";"XL";"blue";10
1397;10;"M";"XXL";"blue";10
1398;10;"M";"3XL";"blue";10
1399;10;"M";"4XL";"blue";10
1400;10;"M";"5XL";"blue";10
1401;10;"F";"S";"blue";10
1402;10;"F";"M";"blue";10
1403;10;"F";"L";"blue";10
1404;10;"F";"XL";"blue";10
1405;10;"F";"XXL";"blue";10
1406;10;"F";"3XL";"blue";10
1407;10;"F";"4XL";"blue";10
1408;10;"F";"5XL";"blue";10
1409;11;"M";"S";"black";10
1410;11;"M";"M";"black";10
1411;11;"M";"L";"black";10
1412;11;"M";"XL";"black";10
1413;11;"M";"XXL";"black";10
1414;11;"M";"3XL";"black";10
1415;11;"M";"4XL";"black";10
1416;11;"M";"5XL";"black";10
1417;11;"F";"S";"black";10
1418;11;"F";"M";"black";10
1419;11;"F";"L";"black";10
1420;11;"F";"XL";"black";10
1421;11;"F";"XXL";"black";10
1422;11;"F";"3XL";"black";10
1423;11;"F";"4XL";"black";10
1424;11;"F";"5XL";"black";10
1425;11;"M";"S";"grey";10
1426;11;"M";"M";"grey";10
1427;11;"M";"L";"grey";10
1428;11;"M";"XL";"grey";10
1429;11;"M";"XXL";"grey";10
1430;11;"M";"3XL";"grey";10
1431;11;"M";"4XL";"grey";10
1432;11;"M";"5XL";"grey";10
1433;11;"F";"S";"grey";10
1434;11;"F";"M";"grey";10
1435;11;"F";"L";"grey";10
1436;11;"F";"XL";"grey";10
1437;11;"F";"XXL";"grey";10
1438;11;"F";"3XL";"grey";10
1439;11;"F";"4XL";"grey";10
1440;11;"F";"5XL";"grey";10
1441;11;"M";"S";"white";10
1442;11;"M";"M";"white";10
1443;11;"M";"L";"white";10
1444;11;"M";"XL";"white";10
1445;11;"M";"XXL";"white";10
1446;11;"M";"3XL";"white";10
1447;11;"M";"4XL";"white";10
1448;11;"M";"5XL";"white";10
1449;11;"F";"S";"white";10
1450;11;"F";"M";"white";10
1451;11;"F";"L";"white";10
1452;11;"F";"XL";"white";10
1453;11;"F";"XXL";"white";10
1454;11;"F";"3XL";"white";10
1455;11;"F";"4XL";"white";10
1456;11;"F";"5XL";"white";10
1457;11;"M";"S";"green";10
1458;11;"M";"M";"green";10
1459;11;"M";"L";"green";10
1460;11;"M";"XL";"green";10
1461;11;"M";"XXL";"green";10
1462;11;"M";"3XL";"green";10
1463;11;"M";"4XL";"green";10
1464;11;"M";"5XL";"green";10
1465;11;"F";"S";"green";10
1466;11;"F";"M";"green";10
1467;11;"F";"L";"green";10
1468;11;"F";"XL";"green";10
1469;11;"F";"XXL";"green";10
1470;11;"F";"3XL";"green";10
1471;11;"F";"4XL";"green";10
1472;11;"F";"5XL";"green";10
1473;11;"M";"S";"orange";10
1474;11;"M";"M";"orange";10
1475;11;"M";"L";"orange";10
1476;11;"M";"XL";"orange";10
1477;11;"M";"XXL";"orange";10
1478;11;"M";"3XL";"orange";10
1479;11;"M";"4XL";"orange";10
1480;11;"M";"5XL";"orange";10
1481;11;"F";"S";"orange";10
1482;11;"F";"M";"orange";10
1483;11;"F";"L";"orange";10
1484;11;"F";"XL";"orange";10
1485;11;"F";"XXL";"orange";10
1486;11;"F";"3XL";"orange";10
1487;11;"F";"4XL";"orange";10
1488;11;"F";"5XL";"orange";10
1489;11;"M";"S";"red";10
1490;11;"M";"M";"red";10
1491;11;"M";"L";"red";10
1492;11;"M";"XL";"red";10
1493;11;"M";"XXL";"red";10
1494;11;"M";"3XL";"red";10
1495;11;"M";"4XL";"red";10
1496;11;"M";"5XL";"red";10
1497;11;"F";"S";"red";10
1498;11;"F";"M";"red";10
1499;11;"F";"L";"red";10
1500;11;"F";"XL";"red";10
1501;11;"F";"XXL";"red";10
1502;11;"F";"3XL";"red";10
1503;11;"F";"4XL";"red";10
1504;11;"F";"5XL";"red";10
1505;11;"M";"S";"purple";10
1506;11;"M";"M";"purple";10
1507;11;"M";"L";"purple";10
1508;11;"M";"XL";"purple";10
1509;11;"M";"XXL";"purple";10
1510;11;"M";"3XL";"purple";10
1511;11;"M";"4XL";"purple";10
1512;11;"M";"5XL";"purple";10
1513;11;"F";"S";"purple";10
1514;11;"F";"M";"purple";10
1515;11;"F";"L";"purple";10
1516;11;"F";"XL";"purple";10
1517;11;"F";"XXL";"purple";10
1518;11;"F";"3XL";"purple";10
1519;11;"F";"4XL";"purple";10
1520;11;"F";"5XL";"purple";10
1521;11;"M";"S";"blue";10
1522;11;"M";"M";"blue";10
1523;11;"M";"L";"blue";10
1524;11;"M";"XL";"blue";10
1525;11;"M";"XXL";"blue";10
1526;11;"M";"3XL";"blue";10
1527;11;"M";"4XL";"blue";10
1528;11;"M";"5XL";"blue";10
1529;11;"F";"S";"blue";10
1530;11;"F";"M";"blue";10
1531;11;"F";"L";"blue";10
1532;11;"F";"XL";"blue";10
1533;11;"F";"XXL";"blue";10
1534;11;"F";"3XL";"blue";10
1535;11;"F";"4XL";"blue";10
1536;11;"F";"5XL";"blue";10
1537;12;"M";"S";"black";10
1538;12;"M";"M";"black";10
1539;12;"M";"L";"black";10
1540;12;"M";"XL";"black";10
1541;12;"M";"XXL";"black";10
1542;12;"M";"3XL";"black";10
1543;12;"M";"4XL";"black";10
1544;12;"M";"5XL";"black";10
1545;12;"F";"S";"black";10
1546;12;"F";"M";"black";10
1547;12;"F";"L";"black";10
1548;12;"F";"XL";"black";10
1549;12;"F";"XXL";"black";10
1550;12;"F";"3XL";"black";10
1551;12;"F";"4XL";"black";10
1552;12;"F";"5XL";"black";10
1553;12;"M";"S";"grey";10
1554;12;"M";"M";"grey";10
1555;12;"M";"L";"grey";10
1556;12;"M";"XL";"grey";10
1557;12;"M";"XXL";"grey";10
1558;12;"M";"3XL";"grey";10
1559;12;"M";"4XL";"grey";10
1560;12;"M";"5XL";"grey";10
1561;12;"F";"S";"grey";10
1562;12;"F";"M";"grey";10
1563;12;"F";"L";"grey";10
1564;12;"F";"XL";"grey";10
1565;12;"F";"XXL";"grey";10
1566;12;"F";"3XL";"grey";10
1567;12;"F";"4XL";"grey";10
1568;12;"F";"5XL";"grey";10
1569;12;"M";"S";"white";10
1570;12;"M";"M";"white";10
1571;12;"M";"L";"white";10
1572;12;"M";"XL";"white";10
1573;12;"M";"XXL";"white";10
1574;12;"M";"3XL";"white";10
1575;12;"M";"4XL";"white";10
1576;12;"M";"5XL";"white";10
1577;12;"F";"S";"white";10
1578;12;"F";"M";"white";10
1579;12;"F";"L";"white";10
1580;12;"F";"XL";"white";10
1581;12;"F";"XXL";"white";10
1582;12;"F";"3XL";"white";10
1583;12;"F";"4XL";"white";10
1584;12;"F";"5XL";"white";10
1585;12;"M";"S";"green";10
1586;12;"M";"M";"green";10
1587;12;"M";"L";"green";10
1588;12;"M";"XL";"green";10
1589;12;"M";"XXL";"green";10
1590;12;"M";"3XL";"green";10
1591;12;"M";"4XL";"green";10
1592;12;"M";"5XL";"green";10
1593;12;"F";"S";"green";10
1594;12;"F";"M";"green";10
1595;12;"F";"L";"green";10
1596;12;"F";"XL";"green";10
1597;12;"F";"XXL";"green";10
1598;12;"F";"3XL";"green";10
1599;12;"F";"4XL";"green";10
1600;12;"F";"5XL";"green";10
1601;12;"M";"S";"orange";10
1602;12;"M";"M";"orange";10
1603;12;"M";"L";"orange";10
1604;12;"M";"XL";"orange";10
1605;12;"M";"XXL";"orange";10
1606;12;"M";"3XL";"orange";10
1607;12;"M";"4XL";"orange";10
1608;12;"M";"5XL";"orange";10
1609;12;"F";"S";"orange";10
1610;12;"F";"M";"orange";10
1611;12;"F";"L";"orange";10
1612;12;"F";"XL";"orange";10
1613;12;"F";"XXL";"orange";10
1614;12;"F";"3XL";"orange";10
1615;12;"F";"4XL";"orange";10
1616;12;"F";"5XL";"orange";10
1617;12;"M";"S";"red";10
1618;12;"M";"M";"red";10
1619;12;"M";"L";"red";10
1620;12;"M";"XL";"red";10
1621;12;"M";"XXL";"red";10
1622;12;"M";"3XL";"red";10
1623;12;"M";"4XL";"red";10
1624;12;"M";"5XL";"red";10
1625;12;"F";"S";"red";10
1626;12;"F";"M";"red";10
1627;12;"F";"L";"red";10
1628;12;"F";"XL";"red";10
1629;12;"F";"XXL";"red";10
1630;12;"F";"3XL";"red";10
1631;12;"F";"4XL";"red";10
1632;12;"F";"5XL";"red";10
1633;12;"M";"S";"purple";10
1634;12;"M";"M";"purple";10
1635;12;"M";"L";"purple";10
1636;12;"M";"XL";"purple";10
1637;12;"M";"XXL";"purple";10
1638;12;"M";"3XL";"purple";10
1639;12;"M";"4XL";"purple";10
1640;12;"M";"5XL";"purple";10
1641;12;"F";"S";"purple";10
1642;12;"F";"M";"purple";10
1643;12;"F";"L";"purple";10
1644;12;"F";"XL";"purple";10
1645;12;"F";"XXL";"purple";10
1646;12;"F";"3XL";"purple";10
1647;12;"F";"4XL";"purple";10
1648;12;"F";"5XL";"purple";10
1649;12;"M";"S";"blue";10
1650;12;"M";"M";"blue";10
1651;12;"M";"L";"blue";10
1652;12;"M";"XL";"blue";10
1653;12;"M";"XXL";"blue";10
1654;12;"M";"3XL";"blue";10
1655;12;"M";"4XL";"blue";10
1656;12;"M";"5XL";"blue";10
1657;12;"F";"S";"blue";10
1658;12;"F";"M";"blue";10
1659;12;"F";"L";"blue";10
1660;12;"F";"XL";"blue";10
1661;12;"F";"XXL";"blue";10
1662;12;"F";"3XL";"blue";10
1663;12;"F";"4XL";"blue";10
1664;12;"F";"5XL";"blue";10
1665;13;"M";"S";"black";10
1666;13;"M";"M";"black";10
1667;13;"M";"L";"black";10
1668;13;"M";"XL";"black";10
1669;13;"M";"XXL";"black";10
1670;13;"M";"3XL";"black";10
1671;13;"M";"4XL";"black";10
1672;13;"M";"5XL";"black";10
1673;13;"F";"S";"black";10
1674;13;"F";"M";"black";10
1675;13;"F";"L";"black";10
1676;13;"F";"XL";"black";10
1677;13;"F";"XXL";"black";10
1678;13;"F";"3XL";"black";10
1679;13;"F";"4XL";"black";10
1680;13;"F";"5XL";"black";10
1681;13;"M";"S";"grey";10
1682;13;"M";"M";"grey";10
1683;13;"M";"L";"grey";10
1684;13;"M";"XL";"grey";10
1685;13;"M";"XXL";"grey";10
1686;13;"M";"3XL";"grey";10
1687;13;"M";"4XL";"grey";10
1688;13;"M";"5XL";"grey";10
1689;13;"F";"S";"grey";10
1690;13;"F";"M";"grey";10
1691;13;"F";"L";"grey";10
1692;13;"F";"XL";"grey";10
1693;13;"F";"XXL";"grey";10
1694;13;"F";"3XL";"grey";10
1695;13;"F";"4XL";"grey";10
1696;13;"F";"5XL";"grey";10
1697;13;"M";"S";"white";10
1698;13;"M";"M";"white";10
1699;13;"M";"L";"white";10
1700;13;"M";"XL";"white";10
1701;13;"M";"XXL";"white";10
1702;13;"M";"3XL";"white";10
1703;13;"M";"4XL";"white";10
1704;13;"M";"5XL";"white";10
1705;13;"F";"S";"white";10
1706;13;"F";"M";"white";10
1707;13;"F";"L";"white";10
1708;13;"F";"XL";"white";10
1709;13;"F";"XXL";"white";10
1710;13;"F";"3XL";"white";10
1711;13;"F";"4XL";"white";10
1712;13;"F";"5XL";"white";10
1713;13;"M";"S";"green";10
1714;13;"M";"M";"green";10
1715;13;"M";"L";"green";10
1716;13;"M";"XL";"green";10
1717;13;"M";"XXL";"green";10
1718;13;"M";"3XL";"green";10
1719;13;"M";"4XL";"green";10
1720;13;"M";"5XL";"green";10
1721;13;"F";"S";"green";10
1722;13;"F";"M";"green";10
1723;13;"F";"L";"green";10
1724;13;"F";"XL";"green";10
1725;13;"F";"XXL";"green";10
1726;13;"F";"3XL";"green";10
1727;13;"F";"4XL";"green";10
1728;13;"F";"5XL";"green";10
1729;13;"M";"S";"orange";10
1730;13;"M";"M";"orange";10
1731;13;"M";"L";"orange";10
1732;13;"M";"XL";"orange";10
1733;13;"M";"XXL";"orange";10
1734;13;"M";"3XL";"orange";10
1735;13;"M";"4XL";"orange";10
1736;13;"M";"5XL";"orange";10
1737;13;"F";"S";"orange";10
1738;13;"F";"M";"orange";10
1739;13;"F";"L";"orange";10
1740;13;"F";"XL";"orange";10
1741;13;"F";"XXL";"orange";10
1742;13;"F";"3XL";"orange";10
1743;13;"F";"4XL";"orange";10
1744;13;"F";"5XL";"orange";10
1745;13;"M";"S";"red";10
1746;13;"M";"M";"red";10
1747;13;"M";"L";"red";10
1748;13;"M";"XL";"red";10
1749;13;"M";"XXL";"red";10
1750;13;"M";"3XL";"red";10
1751;13;"M";"4XL";"red";10
1752;13;"M";"5XL";"red";10
1753;13;"F";"S";"red";10
1754;13;"F";"M";"red";10
1755;13;"F";"L";"red";10
1756;13;"F";"XL";"red";10
1757;13;"F";"XXL";"red";10
1758;13;"F";"3XL";"red";10
1759;13;"F";"4XL";"red";10
1760;13;"F";"5XL";"red";10
1761;13;"M";"S";"purple";10
1762;13;"M";"M";"purple";10
1763;13;"M";"L";"purple";10
1764;13;"M";"XL";"purple";10
1765;13;"M";"XXL";"purple";10
1766;13;"M";"3XL";"purple";10
1767;13;"M";"4XL";"purple";10
1768;13;"M";"5XL";"purple";10
1769;13;"F";"S";"purple";10
1770;13;"F";"M";"purple";10
1771;13;"F";"L";"purple";10
1772;13;"F";"XL";"purple";10
1773;13;"F";"XXL";"purple";10
1774;13;"F";"3XL";"purple";10
1775;13;"F";"4XL";"purple";10
1776;13;"F";"5XL";"purple";10
1777;13;"M";"S";"blue";10
1778;13;"M";"M";"blue";10
1779;13;"M";"L";"blue";10
1780;13;"M";"XL";"blue";10
1781;13;"M";"XXL";"blue";10
1782;13;"M";"3XL";"blue";10
1783;13;"M";"4XL";"blue";10
1784;13;"M";"5XL";"blue";10
1785;13;"F";"S";"blue";10
1786;13;"F";"M";"blue";10
1787;13;"F";"L";"blue";10
1788;13;"F";"XL";"blue";10
1789;13;"F";"XXL";"blue";10
1790;13;"F";"3XL";"blue";10
1791;13;"F";"4XL";"blue";10
1792;13;"F";"5XL";"blue";10
1793;14;"M";"S";"black";10
1794;14;"M";"M";"black";10
1795;14;"M";"L";"black";10
1796;14;"M";"XL";"black";10
1797;14;"M";"XXL";"black";10
1798;14;"M";"3XL";"black";10
1799;14;"M";"4XL";"black";10
1800;14;"M";"5XL";"black";10
1801;14;"F";"S";"black";10
1802;14;"F";"M";"black";10
1803;14;"F";"L";"black";10
1804;14;"F";"XL";"black";10
1805;14;"F";"XXL";"black";10
1806;14;"F";"3XL";"black";10
1807;14;"F";"4XL";"black";10
1808;14;"F";"5XL";"black";10
1809;14;"M";"S";"grey";10
1810;14;"M";"M";"grey";10
1811;14;"M";"L";"grey";10
1812;14;"M";"XL";"grey";10
1813;14;"M";"XXL";"grey";10
1814;14;"M";"3XL";"grey";10
1815;14;"M";"4XL";"grey";10
1816;14;"M";"5XL";"grey";10
1817;14;"F";"S";"grey";10
1818;14;"F";"M";"grey";10
1819;14;"F";"L";"grey";10
1820;14;"F";"XL";"grey";10
1821;14;"F";"XXL";"grey";10
1822;14;"F";"3XL";"grey";10
1823;14;"F";"4XL";"grey";10
1824;14;"F";"5XL";"grey";10
1825;14;"M";"S";"white";10
1826;14;"M";"M";"white";10
1827;14;"M";"L";"white";10
1828;14;"M";"XL";"white";10
1829;14;"M";"XXL";"white";10
1830;14;"M";"3XL";"white";10
1831;14;"M";"4XL";"white";10
1832;14;"M";"5XL";"white";10
1833;14;"F";"S";"white";10
1834;14;"F";"M";"white";10
1835;14;"F";"L";"white";10
1836;14;"F";"XL";"white";10
1837;14;"F";"XXL";"white";10
1838;14;"F";"3XL";"white";10
1839;14;"F";"4XL";"white";10
1840;14;"F";"5XL";"white";10
1841;14;"M";"S";"green";10
1842;14;"M";"M";"green";10
1843;14;"M";"L";"green";10
1844;14;"M";"XL";"green";10
1845;14;"M";"XXL";"green";10
1846;14;"M";"3XL";"green";10
1847;14;"M";"4XL";"green";10
1848;14;"M";"5XL";"green";10
1849;14;"F";"S";"green";10
1850;14;"F";"M";"green";10
1851;14;"F";"L";"green";10
1852;14;"F";"XL";"green";10
1853;14;"F";"XXL";"green";10
1854;14;"F";"3XL";"green";10
1855;14;"F";"4XL";"green";10
1856;14;"F";"5XL";"green";10
1857;14;"M";"S";"orange";10
1858;14;"M";"M";"orange";10
1859;14;"M";"L";"orange";10
1860;14;"M";"XL";"orange";10
1861;14;"M";"XXL";"orange";10
1862;14;"M";"3XL";"orange";10
1863;14;"M";"4XL";"orange";10
1864;14;"M";"5XL";"orange";10
1865;14;"F";"S";"orange";10
1866;14;"F";"M";"orange";10
1867;14;"F";"L";"orange";10
1868;14;"F";"XL";"orange";10
1869;14;"F";"XXL";"orange";10
1870;14;"F";"3XL";"orange";10
1871;14;"F";"4XL";"orange";10
1872;14;"F";"5XL";"orange";10
1873;14;"M";"S";"red";10
1874;14;"M";"M";"red";10
1875;14;"M";"L";"red";10
1876;14;"M";"XL";"red";10
1877;14;"M";"XXL";"red";10
1878;14;"M";"3XL";"red";10
1879;14;"M";"4XL";"red";10
1880;14;"M";"5XL";"red";10
1881;14;"F";"S";"red";10
1882;14;"F";"M";"red";10
1883;14;"F";"L";"red";10
1884;14;"F";"XL";"red";10
1885;14;"F";"XXL";"red";10
1886;14;"F";"3XL";"red";10
1887;14;"F";"4XL";"red";10
1888;14;"F";"5XL";"red";10
1889;14;"M";"S";"purple";10
1890;14;"M";"M";"purple";10
1891;14;"M";"L";"purple";10
1892;14;"M";"XL";"purple";10
1893;14;"M";"XXL";"purple";10
1894;14;"M";"3XL";"purple";10
1895;14;"M";"4XL";"purple";10
1896;14;"M";"5XL";"purple";10
1897;14;"F";"S";"purple";10
1898;14;"F";"M";"purple";10
1899;14;"F";"L";"purple";10
1900;14;"F";"XL";"purple";10
1901;14;"F";"XXL";"purple";10
1902;14;"F";"3XL";"purple";10
1903;14;"F";"4XL";"purple";10
1904;14;"F";"5XL";"purple";10
1905;14;"M";"S";"blue";10
1906;14;"M";"M";"blue";10
1907;14;"M";"L";"blue";10
1908;14;"M";"XL";"blue";10
1909;14;"M";"XXL";"blue";10
1910;14;"M";"3XL";"blue";10
1911;14;"M";"4XL";"blue";10
1912;14;"M";"5XL";"blue";10
1913;14;"F";"S";"blue";10
1914;14;"F";"M";"blue";10
1915;14;"F";"L";"blue";10
1916;14;"F";"XL";"blue";10
1917;14;"F";"XXL";"blue";10
1918;14;"F";"3XL";"blue";10
1919;14;"F";"4XL";"blue";10
1920;14;"F";"5XL";"blue";10
1921;15;"M";"S";"black";10
1922;15;"M";"M";"black";10
1923;15;"M";"L";"black";10
1924;15;"M";"XL";"black";10
1925;15;"M";"XXL";"black";10
1926;15;"M";"3XL";"black";10
1927;15;"M";"4XL";"black";10
1928;15;"M";"5XL";"black";10
1929;15;"F";"S";"black";10
1930;15;"F";"M";"black";10
1931;15;"F";"L";"black";10
1932;15;"F";"XL";"black";10
1933;15;"F";"XXL";"black";10
1934;15;"F";"3XL";"black";10
1935;15;"F";"4XL";"black";10
1936;15;"F";"5XL";"black";10
1937;15;"M";"S";"grey";10
1938;15;"M";"M";"grey";10
1939;15;"M";"L";"grey";10
1940;15;"M";"XL";"grey";10
1941;15;"M";"XXL";"grey";10
1942;15;"M";"3XL";"grey";10
1943;15;"M";"4XL";"grey";10
1944;15;"M";"5XL";"grey";10
1945;15;"F";"S";"grey";10
1946;15;"F";"M";"grey";10
1947;15;"F";"L";"grey";10
1948;15;"F";"XL";"grey";10
1949;15;"F";"XXL";"grey";10
1950;15;"F";"3XL";"grey";10
1951;15;"F";"4XL";"grey";10
1952;15;"F";"5XL";"grey";10
1953;15;"M";"S";"white";10
1954;15;"M";"M";"white";10
1955;15;"M";"L";"white";10
1956;15;"M";"XL";"white";10
1957;15;"M";"XXL";"white";10
1958;15;"M";"3XL";"white";10
1959;15;"M";"4XL";"white";10
1960;15;"M";"5XL";"white";10
1961;15;"F";"S";"white";10
1962;15;"F";"M";"white";10
1963;15;"F";"L";"white";10
1964;15;"F";"XL";"white";10
1965;15;"F";"XXL";"white";10
1966;15;"F";"3XL";"white";10
1967;15;"F";"4XL";"white";10
1968;15;"F";"5XL";"white";10
1969;15;"M";"S";"green";10
1970;15;"M";"M";"green";10
1971;15;"M";"L";"green";10
1972;15;"M";"XL";"green";10
1973;15;"M";"XXL";"green";10
1974;15;"M";"3XL";"green";10
1975;15;"M";"4XL";"green";10
1976;15;"M";"5XL";"green";10
1977;15;"F";"S";"green";10
1978;15;"F";"M";"green";10
1979;15;"F";"L";"green";10
1980;15;"F";"XL";"green";10
1981;15;"F";"XXL";"green";10
1982;15;"F";"3XL";"green";10
1983;15;"F";"4XL";"green";10
1984;15;"F";"5XL";"green";10
1985;15;"M";"S";"orange";10
1986;15;"M";"M";"orange";10
1987;15;"M";"L";"orange";10
1988;15;"M";"XL";"orange";10
1989;15;"M";"XXL";"orange";10
1990;15;"M";"3XL";"orange";10
1991;15;"M";"4XL";"orange";10
1992;15;"M";"5XL";"orange";10
1993;15;"F";"S";"orange";10
1994;15;"F";"M";"orange";10
1995;15;"F";"L";"orange";10
1996;15;"F";"XL";"orange";10
1997;15;"F";"XXL";"orange";10
1998;15;"F";"3XL";"orange";10
1999;15;"F";"4XL";"orange";10
2000;15;"F";"5XL";"orange";10
2001;15;"M";"S";"red";10
2002;15;"M";"M";"red";10
2003;15;"M";"L";"red";10
2004;15;"M";"XL";"red";10
2005;15;"M";"XXL";"red";10
2006;15;"M";"3XL";"red";10
2007;15;"M";"4XL";"red";10
2008;15;"M";"5XL";"red";10
2009;15;"F";"S";"red";10
2010;15;"F";"M";"red";10
2011;15;"F";"L";"red";10
2012;15;"F";"XL";"red";10
2013;15;"F";"XXL";"red";10
2014;15;"F";"3XL";"red";10
2015;15;"F";"4XL";"red";10
2016;15;"F";"5XL";"red";10
2017;15;"M";"S";"purple";10
2018;15;"M";"M";"purple";10
2019;15;"M";"L";"purple";10
2020;15;"M";"XL";"purple";10
2021;15;"M";"XXL";"purple";10
2022;15;"M";"3XL";"purple";10
2023;15;"M";"4XL";"purple";10
2024;15;"M";"5XL";"purple";10
2025;15;"F";"S";"purple";10
2026;15;"F";"M";"purple";10
2027;15;"F";"L";"purple";10
2028;15;"F";"XL";"purple";10
2029;15;"F";"XXL";"purple";10
2030;15;"F";"3XL";"purple";10
2031;15;"F";"4XL";"purple";10
2032;15;"F";"5XL";"purple";10
2033;15;"M";"S";"blue";10
2034;15;"M";"M";"blue";10
2035;15;"M";"L";"blue";10
2036;15;"M";"XL";"blue";10
2037;15;"M";"XXL";"blue";10
2038;15;"M";"3XL";"blue";10
2039;15;"M";"4XL";"blue";10
2040;15;"M";"5XL";"blue";10
2041;15;"F";"S";"blue";10
2042;15;"F";"M";"blue";10
2043;15;"F";"L";"blue";10
2044;15;"F";"XL";"blue";10
2045;15;"F";"XXL";"blue";10
2046;15;"F";"3XL";"blue";10
2047;15;"F";"4XL";"blue";10
2048;15;"F";"5XL";"blue";10
2049;16;"M";"S";"black";10
2050;16;"M";"M";"black";10
2051;16;"M";"L";"black";10
2052;16;"M";"XL";"black";10
2053;16;"M";"XXL";"black";10
2054;16;"M";"3XL";"black";10
2055;16;"M";"4XL";"black";10
2056;16;"M";"5XL";"black";10
2057;16;"F";"S";"black";10
2058;16;"F";"M";"black";10
2059;16;"F";"L";"black";10
2060;16;"F";"XL";"black";10
2061;16;"F";"XXL";"black";10
2062;16;"F";"3XL";"black";10
2063;16;"F";"4XL";"black";10
2064;16;"F";"5XL";"black";10
2065;16;"M";"S";"grey";10
2066;16;"M";"M";"grey";10
2067;16;"M";"L";"grey";10
2068;16;"M";"XL";"grey";10
2069;16;"M";"XXL";"grey";10
2070;16;"M";"3XL";"grey";10
2071;16;"M";"4XL";"grey";10
2072;16;"M";"5XL";"grey";10
2073;16;"F";"S";"grey";10
2074;16;"F";"M";"grey";10
2075;16;"F";"L";"grey";10
2076;16;"F";"XL";"grey";10
2077;16;"F";"XXL";"grey";10
2078;16;"F";"3XL";"grey";10
2079;16;"F";"4XL";"grey";10
2080;16;"F";"5XL";"grey";10
2081;16;"M";"S";"white";10
2082;16;"M";"M";"white";10
2083;16;"M";"L";"white";10
2084;16;"M";"XL";"white";10
2085;16;"M";"XXL";"white";10
2086;16;"M";"3XL";"white";10
2087;16;"M";"4XL";"white";10
2088;16;"M";"5XL";"white";10
2089;16;"F";"S";"white";10
2090;16;"F";"M";"white";10
2091;16;"F";"L";"white";10
2092;16;"F";"XL";"white";10
2093;16;"F";"XXL";"white";10
2094;16;"F";"3XL";"white";10
2095;16;"F";"4XL";"white";10
2096;16;"F";"5XL";"white";10
2097;16;"M";"S";"green";10
2098;16;"M";"M";"green";10
2099;16;"M";"L";"green";10
2100;16;"M";"XL";"green";10
2101;16;"M";"XXL";"green";10
2102;16;"M";"3XL";"green";10
2103;16;"M";"4XL";"green";10
2104;16;"M";"5XL";"green";10
2105;16;"F";"S";"green";10
2106;16;"F";"M";"green";10
2107;16;"F";"L";"green";10
2108;16;"F";"XL";"green";10
2109;16;"F";"XXL";"green";10
2110;16;"F";"3XL";"green";10
2111;16;"F";"4XL";"green";10
2112;16;"F";"5XL";"green";10
2113;16;"M";"S";"orange";10
2114;16;"M";"M";"orange";10
2115;16;"M";"L";"orange";10
2116;16;"M";"XL";"orange";10
2117;16;"M";"XXL";"orange";10
2118;16;"M";"3XL";"orange";10
2119;16;"M";"4XL";"orange";10
2120;16;"M";"5XL";"orange";10
2121;16;"F";"S";"orange";10
2122;16;"F";"M";"orange";10
2123;16;"F";"L";"orange";10
2124;16;"F";"XL";"orange";10
2125;16;"F";"XXL";"orange";10
2126;16;"F";"3XL";"orange";10
2127;16;"F";"4XL";"orange";10
2128;16;"F";"5XL";"orange";10
2129;16;"M";"S";"red";10
2130;16;"M";"M";"red";10
2131;16;"M";"L";"red";10
2132;16;"M";"XL";"red";10
2133;16;"M";"XXL";"red";10
2134;16;"M";"3XL";"red";10
2135;16;"M";"4XL";"red";10
2136;16;"M";"5XL";"red";10
2137;16;"F";"S";"red";10
2138;16;"F";"M";"red";10
2139;16;"F";"L";"red";10
2140;16;"F";"XL";"red";10
2141;16;"F";"XXL";"red";10
2142;16;"F";"3XL";"red";10
2143;16;"F";"4XL";"red";10
2144;16;"F";"5XL";"red";10
2145;16;"M";"S";"purple";10
2146;16;"M";"M";"purple";10
2147;16;"M";"L";"purple";10
2148;16;"M";"XL";"purple";10
2149;16;"M";"XXL";"purple";10
2150;16;"M";"3XL";"purple";10
2151;16;"M";"4XL";"purple";10
2152;16;"M";"5XL";"purple";10
2153;16;"F";"S";"purple";10
2154;16;"F";"M";"purple";10
2155;16;"F";"L";"purple";10
2156;16;"F";"XL";"purple";10
2157;16;"F";"XXL";"purple";10
2158;16;"F";"3XL";"purple";10
2159;16;"F";"4XL";"purple";10
2160;16;"F";"5XL";"purple";10
2161;16;"M";"S";"blue";10
2162;16;"M";"M";"blue";10
2163;16;"M";"L";"blue";10
2164;16;"M";"XL";"blue";10
2165;16;"M";"XXL";"blue";10
2166;16;"M";"3XL";"blue";10
2167;16;"M";"4XL";"blue";10
2168;16;"M";"5XL";"blue";10
2169;16;"F";"S";"blue";10
2170;16;"F";"M";"blue";10
2171;16;"F";"L";"blue";10
2172;16;"F";"XL";"blue";10
2173;16;"F";"XXL";"blue";10
2174;16;"F";"3XL";"blue";10
2175;16;"F";"4XL";"blue";10
2176;16;"F";"5XL";"blue";10
2177;17;"M";"S";"black";10
2178;17;"M";"M";"black";10
2179;17;"M";"L";"black";10
2180;17;"M";"XL";"black";10
2181;17;"M";"XXL";"black";10
2182;17;"M";"3XL";"black";10
2183;17;"M";"4XL";"black";10
2184;17;"M";"5XL";"black";10
2185;17;"F";"S";"black";10
2186;17;"F";"M";"black";10
2187;17;"F";"L";"black";10
2188;17;"F";"XL";"black";10
2189;17;"F";"XXL";"black";10
2190;17;"F";"3XL";"black";10
2191;17;"F";"4XL";"black";10
2192;17;"F";"5XL";"black";10
2193;17;"M";"S";"grey";10
2194;17;"M";"M";"grey";10
2195;17;"M";"L";"grey";10
2196;17;"M";"XL";"grey";10
2197;17;"M";"XXL";"grey";10
2198;17;"M";"3XL";"grey";10
2199;17;"M";"4XL";"grey";10
2200;17;"M";"5XL";"grey";10
2201;17;"F";"S";"grey";10
2202;17;"F";"M";"grey";10
2203;17;"F";"L";"grey";10
2204;17;"F";"XL";"grey";10
2205;17;"F";"XXL";"grey";10
2206;17;"F";"3XL";"grey";10
2207;17;"F";"4XL";"grey";10
2208;17;"F";"5XL";"grey";10
2209;17;"M";"S";"white";10
2210;17;"M";"M";"white";10
2211;17;"M";"L";"white";10
2212;17;"M";"XL";"white";10
2213;17;"M";"XXL";"white";10
2214;17;"M";"3XL";"white";10
2215;17;"M";"4XL";"white";10
2216;17;"M";"5XL";"white";10
2217;17;"F";"S";"white";10
2218;17;"F";"M";"white";10
2219;17;"F";"L";"white";10
2220;17;"F";"XL";"white";10
2221;17;"F";"XXL";"white";10
2222;17;"F";"3XL";"white";10
2223;17;"F";"4XL";"white";10
2224;17;"F";"5XL";"white";10
2225;17;"M";"S";"green";10
2226;17;"M";"M";"green";10
2227;17;"M";"L";"green";10
2228;17;"M";"XL";"green";10
2229;17;"M";"XXL";"green";10
2230;17;"M";"3XL";"green";10
2231;17;"M";"4XL";"green";10
2232;17;"M";"5XL";"green";10
2233;17;"F";"S";"green";10
2234;17;"F";"M";"green";10
2235;17;"F";"L";"green";10
2236;17;"F";"XL";"green";10
2237;17;"F";"XXL";"green";10
2238;17;"F";"3XL";"green";10
2239;17;"F";"4XL";"green";10
2240;17;"F";"5XL";"green";10
2241;17;"M";"S";"orange";10
2242;17;"M";"M";"orange";10
2243;17;"M";"L";"orange";10
2244;17;"M";"XL";"orange";10
2245;17;"M";"XXL";"orange";10
2246;17;"M";"3XL";"orange";10
2247;17;"M";"4XL";"orange";10
2248;17;"M";"5XL";"orange";10
2249;17;"F";"S";"orange";10
2250;17;"F";"M";"orange";10
2251;17;"F";"L";"orange";10
2252;17;"F";"XL";"orange";10
2253;17;"F";"XXL";"orange";10
2254;17;"F";"3XL";"orange";10
2255;17;"F";"4XL";"orange";10
2256;17;"F";"5XL";"orange";10
2257;17;"M";"S";"red";10
2258;17;"M";"M";"red";10
2259;17;"M";"L";"red";10
2260;17;"M";"XL";"red";10
2261;17;"M";"XXL";"red";10
2262;17;"M";"3XL";"red";10
2263;17;"M";"4XL";"red";10
2264;17;"M";"5XL";"red";10
2265;17;"F";"S";"red";10
2266;17;"F";"M";"red";10
2267;17;"F";"L";"red";10
2268;17;"F";"XL";"red";10
2269;17;"F";"XXL";"red";10
2270;17;"F";"3XL";"red";10
2271;17;"F";"4XL";"red";10
2272;17;"F";"5XL";"red";10
2273;17;"M";"S";"purple";10
2274;17;"M";"M";"purple";10
2275;17;"M";"L";"purple";10
2276;17;"M";"XL";"purple";10
2277;17;"M";"XXL";"purple";10
2278;17;"M";"3XL";"purple";10
2279;17;"M";"4XL";"purple";10
2280;17;"M";"5XL";"purple";10
2281;17;"F";"S";"purple";10
2282;17;"F";"M";"purple";10
2283;17;"F";"L";"purple";10
2284;17;"F";"XL";"purple";10
2285;17;"F";"XXL";"purple";10
2286;17;"F";"3XL";"purple";10
2287;17;"F";"4XL";"purple";10
2288;17;"F";"5XL";"purple";10
2289;17;"M";"S";"blue";10
2290;17;"M";"M";"blue";10
2291;17;"M";"L";"blue";10
2292;17;"M";"XL";"blue";10
2293;17;"M";"XXL";"blue";10
2294;17;"M";"3XL";"blue";10
2295;17;"M";"4XL";"blue";10
2296;17;"M";"5XL";"blue";10
2297;17;"F";"S";"blue";10
2298;17;"F";"M";"blue";10
2299;17;"F";"L";"blue";10
2300;17;"F";"XL";"blue";10
2301;17;"F";"XXL";"blue";10
2302;17;"F";"3XL";"blue";10
2303;17;"F";"4XL";"blue";10
2304;17;"F";"5XL";"blue";10
2305;18;"M";"S";"black";10
2306;18;"M";"M";"black";10
2307;18;"M";"L";"black";10
2308;18;"M";"XL";"black";10
2309;18;"M";"XXL";"black";10
2310;18;"M";"3XL";"black";10
2311;18;"M";"4XL";"black";10
2312;18;"M";"5XL";"black";10
2313;18;"F";"S";"black";10
2314;18;"F";"M";"black";10
2315;18;"F";"L";"black";10
2316;18;"F";"XL";"black";10
2317;18;"F";"XXL";"black";10
2318;18;"F";"3XL";"black";10
2319;18;"F";"4XL";"black";10
2320;18;"F";"5XL";"black";10
2321;18;"M";"S";"grey";10
2322;18;"M";"M";"grey";10
2323;18;"M";"L";"grey";10
2324;18;"M";"XL";"grey";10
2325;18;"M";"XXL";"grey";10
2326;18;"M";"3XL";"grey";10
2327;18;"M";"4XL";"grey";10
2328;18;"M";"5XL";"grey";10
2329;18;"F";"S";"grey";10
2330;18;"F";"M";"grey";10
2331;18;"F";"L";"grey";10
2332;18;"F";"XL";"grey";10
2333;18;"F";"XXL";"grey";10
2334;18;"F";"3XL";"grey";10
2335;18;"F";"4XL";"grey";10
2336;18;"F";"5XL";"grey";10
2337;18;"M";"S";"white";10
2338;18;"M";"M";"white";10
2339;18;"M";"L";"white";10
2340;18;"M";"XL";"white";10
2341;18;"M";"XXL";"white";10
2342;18;"M";"3XL";"white";10
2343;18;"M";"4XL";"white";10
2344;18;"M";"5XL";"white";10
2345;18;"F";"S";"white";10
2346;18;"F";"M";"white";10
2347;18;"F";"L";"white";10
2348;18;"F";"XL";"white";10
2349;18;"F";"XXL";"white";10
2350;18;"F";"3XL";"white";10
2351;18;"F";"4XL";"white";10
2352;18;"F";"5XL";"white";10
2353;18;"M";"S";"green";10
2354;18;"M";"M";"green";10
2355;18;"M";"L";"green";10
2356;18;"M";"XL";"green";10
2357;18;"M";"XXL";"green";10
2358;18;"M";"3XL";"green";10
2359;18;"M";"4XL";"green";10
2360;18;"M";"5XL";"green";10
2361;18;"F";"S";"green";10
2362;18;"F";"M";"green";10
2363;18;"F";"L";"green";10
2364;18;"F";"XL";"green";10
2365;18;"F";"XXL";"green";10
2366;18;"F";"3XL";"green";10
2367;18;"F";"4XL";"green";10
2368;18;"F";"5XL";"green";10
2369;18;"M";"S";"orange";10
2370;18;"M";"M";"orange";10
2371;18;"M";"L";"orange";10
2372;18;"M";"XL";"orange";10
2373;18;"M";"XXL";"orange";10
2374;18;"M";"3XL";"orange";10
2375;18;"M";"4XL";"orange";10
2376;18;"M";"5XL";"orange";10
2377;18;"F";"S";"orange";10
2378;18;"F";"M";"orange";10
2379;18;"F";"L";"orange";10
2380;18;"F";"XL";"orange";10
2381;18;"F";"XXL";"orange";10
2382;18;"F";"3XL";"orange";10
2383;18;"F";"4XL";"orange";10
2384;18;"F";"5XL";"orange";10
2385;18;"M";"S";"red";10
2386;18;"M";"M";"red";10
2387;18;"M";"L";"red";10
2388;18;"M";"XL";"red";10
2389;18;"M";"XXL";"red";10
2390;18;"M";"3XL";"red";10
2391;18;"M";"4XL";"red";10
2392;18;"M";"5XL";"red";10
2393;18;"F";"S";"red";10
2394;18;"F";"M";"red";10
2395;18;"F";"L";"red";10
2396;18;"F";"XL";"red";10
2397;18;"F";"XXL";"red";10
2398;18;"F";"3XL";"red";10
2399;18;"F";"4XL";"red";10
2400;18;"F";"5XL";"red";10
2401;18;"M";"S";"purple";10
2402;18;"M";"M";"purple";10
2403;18;"M";"L";"purple";10
2404;18;"M";"XL";"purple";10
2405;18;"M";"XXL";"purple";10
2406;18;"M";"3XL";"purple";10
2407;18;"M";"4XL";"purple";10
2408;18;"M";"5XL";"purple";10
2409;18;"F";"S";"purple";10
2410;18;"F";"M";"purple";10
2411;18;"F";"L";"purple";10
2412;18;"F";"XL";"purple";10
2413;18;"F";"XXL";"purple";10
2414;18;"F";"3XL";"purple";10
2415;18;"F";"4XL";"purple";10
2416;18;"F";"5XL";"purple";10
2417;18;"M";"S";"blue";10
2418;18;"M";"M";"blue";10
2419;18;"M";"L";"blue";10
2420;18;"M";"XL";"blue";10
2421;18;"M";"XXL";"blue";10
2422;18;"M";"3XL";"blue";10
2423;18;"M";"4XL";"blue";10
2424;18;"M";"5XL";"blue";10
2425;18;"F";"S";"blue";10
2426;18;"F";"M";"blue";10
2427;18;"F";"L";"blue";10
2428;18;"F";"XL";"blue";10
2429;18;"F";"XXL";"blue";10
2430;18;"F";"3XL";"blue";10
2431;18;"F";"4XL";"blue";10
2432;18;"F";"5XL";"blue";10
2433;19;"M";"S";"black";10
2434;19;"M";"M";"black";10
2435;19;"M";"L";"black";10
2436;19;"M";"XL";"black";10
2437;19;"M";"XXL";"black";10
2438;19;"M";"3XL";"black";10
2439;19;"M";"4XL";"black";10
2440;19;"M";"5XL";"black";10
2441;19;"F";"S";"black";10
2442;19;"F";"M";"black";10
2443;19;"F";"L";"black";10
2444;19;"F";"XL";"black";10
2445;19;"F";"XXL";"black";10
2446;19;"F";"3XL";"black";10
2447;19;"F";"4XL";"black";10
2448;19;"F";"5XL";"black";10
2449;19;"M";"S";"grey";10
2450;19;"M";"M";"grey";10
2451;19;"M";"L";"grey";10
2452;19;"M";"XL";"grey";10
2453;19;"M";"XXL";"grey";10
2454;19;"M";"3XL";"grey";10
2455;19;"M";"4XL";"grey";10
2456;19;"M";"5XL";"grey";10
2457;19;"F";"S";"grey";10
2458;19;"F";"M";"grey";10
2459;19;"F";"L";"grey";10
2460;19;"F";"XL";"grey";10
2461;19;"F";"XXL";"grey";10
2462;19;"F";"3XL";"grey";10
2463;19;"F";"4XL";"grey";10
2464;19;"F";"5XL";"grey";10
2465;19;"M";"S";"white";10
2466;19;"M";"M";"white";10
2467;19;"M";"L";"white";10
2468;19;"M";"XL";"white";10
2469;19;"M";"XXL";"white";10
2470;19;"M";"3XL";"white";10
2471;19;"M";"4XL";"white";10
2472;19;"M";"5XL";"white";10
2473;19;"F";"S";"white";10
2474;19;"F";"M";"white";10
2475;19;"F";"L";"white";10
2476;19;"F";"XL";"white";10
2477;19;"F";"XXL";"white";10
2478;19;"F";"3XL";"white";10
2479;19;"F";"4XL";"white";10
2480;19;"F";"5XL";"white";10
2481;19;"M";"S";"green";10
2482;19;"M";"M";"green";10
2483;19;"M";"L";"green";10
2484;19;"M";"XL";"green";10
2485;19;"M";"XXL";"green";10
2486;19;"M";"3XL";"green";10
2487;19;"M";"4XL";"green";10
2488;19;"M";"5XL";"green";10
2489;19;"F";"S";"green";10
2490;19;"F";"M";"green";10
2491;19;"F";"L";"green";10
2492;19;"F";"XL";"green";10
2493;19;"F";"XXL";"green";10
2494;19;"F";"3XL";"green";10
2495;19;"F";"4XL";"green";10
2496;19;"F";"5XL";"green";10
2497;19;"M";"S";"orange";10
2498;19;"M";"M";"orange";10
2499;19;"M";"L";"orange";10
2500;19;"M";"XL";"orange";10
2501;19;"M";"XXL";"orange";10
2502;19;"M";"3XL";"orange";10
2503;19;"M";"4XL";"orange";10
2504;19;"M";"5XL";"orange";10
2505;19;"F";"S";"orange";10
2506;19;"F";"M";"orange";10
2507;19;"F";"L";"orange";10
2508;19;"F";"XL";"orange";10
2509;19;"F";"XXL";"orange";10
2510;19;"F";"3XL";"orange";10
2511;19;"F";"4XL";"orange";10
2512;19;"F";"5XL";"orange";10
2513;19;"M";"S";"red";10
2514;19;"M";"M";"red";10
2515;19;"M";"L";"red";10
2516;19;"M";"XL";"red";10
2517;19;"M";"XXL";"red";10
2518;19;"M";"3XL";"red";10
2519;19;"M";"4XL";"red";10
2520;19;"M";"5XL";"red";10
2521;19;"F";"S";"red";10
2522;19;"F";"M";"red";10
2523;19;"F";"L";"red";10
2524;19;"F";"XL";"red";10
2525;19;"F";"XXL";"red";10
2526;19;"F";"3XL";"red";10
2527;19;"F";"4XL";"red";10
2528;19;"F";"5XL";"red";10
2529;19;"M";"S";"purple";10
2530;19;"M";"M";"purple";10
2531;19;"M";"L";"purple";10
2532;19;"M";"XL";"purple";10
2533;19;"M";"XXL";"purple";10
2534;19;"M";"3XL";"purple";10
2535;19;"M";"4XL";"purple";10
2536;19;"M";"5XL";"purple";10
2537;19;"F";"S";"purple";10
2538;19;"F";"M";"purple";10
2539;19;"F";"L";"purple";10
2540;19;"F";"XL";"purple";10
2541;19;"F";"XXL";"purple";10
2542;19;"F";"3XL";"purple";10
2543;19;"F";"4XL";"purple";10
2544;19;"F";"5XL";"purple";10
2545;19;"M";"S";"blue";10
2546;19;"M";"M";"blue";10
2547;19;"M";"L";"blue";10
2548;19;"M";"XL";"blue";10
2549;19;"M";"XXL";"blue";10
2550;19;"M";"3XL";"blue";10
2551;19;"M";"4XL";"blue";10
2552;19;"M";"5XL";"blue";10
2553;19;"F";"S";"blue";10
2554;19;"F";"M";"blue";10
2555;19;"F";"L";"blue";10
2556;19;"F";"XL";"blue";10
2557;19;"F";"XXL";"blue";10
2558;19;"F";"3XL";"blue";10
2559;19;"F";"4XL";"blue";10
2560;19;"F";"5XL";"blue";10
2561;20;"M";"S";"black";10
2562;20;"M";"M";"black";10
2563;20;"M";"L";"black";10
2564;20;"M";"XL";"black";10
2565;20;"M";"XXL";"black";10
2566;20;"M";"3XL";"black";10
2567;20;"M";"4XL";"black";10
2568;20;"M";"5XL";"black";10
2569;20;"F";"S";"black";10
2570;20;"F";"M";"black";10
2571;20;"F";"L";"black";10
2572;20;"F";"XL";"black";10
2573;20;"F";"XXL";"black";10
2574;20;"F";"3XL";"black";10
2575;20;"F";"4XL";"black";10
2576;20;"F";"5XL";"black";10
2577;20;"M";"S";"grey";10
2578;20;"M";"M";"grey";10
2579;20;"M";"L";"grey";10
2580;20;"M";"XL";"grey";10
2581;20;"M";"XXL";"grey";10
2582;20;"M";"3XL";"grey";10
2583;20;"M";"4XL";"grey";10
2584;20;"M";"5XL";"grey";10
2585;20;"F";"S";"grey";10
2586;20;"F";"M";"grey";10
2587;20;"F";"L";"grey";10
2588;20;"F";"XL";"grey";10
2589;20;"F";"XXL";"grey";10
2590;20;"F";"3XL";"grey";10
2591;20;"F";"4XL";"grey";10
2592;20;"F";"5XL";"grey";10
2593;20;"M";"S";"white";10
2594;20;"M";"M";"white";10
2595;20;"M";"L";"white";10
2596;20;"M";"XL";"white";10
2597;20;"M";"XXL";"white";10
2598;20;"M";"3XL";"white";10
2599;20;"M";"4XL";"white";10
2600;20;"M";"5XL";"white";10
2601;20;"F";"S";"white";10
2602;20;"F";"M";"white";10
2603;20;"F";"L";"white";10
2604;20;"F";"XL";"white";10
2605;20;"F";"XXL";"white";10
2606;20;"F";"3XL";"white";10
2607;20;"F";"4XL";"white";10
2608;20;"F";"5XL";"white";10
2609;20;"M";"S";"green";10
2610;20;"M";"M";"green";10
2611;20;"M";"L";"green";10
2612;20;"M";"XL";"green";10
2613;20;"M";"XXL";"green";10
2614;20;"M";"3XL";"green";10
2615;20;"M";"4XL";"green";10
2616;20;"M";"5XL";"green";10
2617;20;"F";"S";"green";10
2618;20;"F";"M";"green";10
2619;20;"F";"L";"green";10
2620;20;"F";"XL";"green";10
2621;20;"F";"XXL";"green";10
2622;20;"F";"3XL";"green";10
2623;20;"F";"4XL";"green";10
2624;20;"F";"5XL";"green";10
2625;20;"M";"S";"orange";10
2626;20;"M";"M";"orange";10
2627;20;"M";"L";"orange";10
2628;20;"M";"XL";"orange";10
2629;20;"M";"XXL";"orange";10
2630;20;"M";"3XL";"orange";10
2631;20;"M";"4XL";"orange";10
2632;20;"M";"5XL";"orange";10
2633;20;"F";"S";"orange";10
2634;20;"F";"M";"orange";10
2635;20;"F";"L";"orange";10
2636;20;"F";"XL";"orange";10
2637;20;"F";"XXL";"orange";10
2638;20;"F";"3XL";"orange";10
2639;20;"F";"4XL";"orange";10
2640;20;"F";"5XL";"orange";10
2641;20;"M";"S";"red";10
2642;20;"M";"M";"red";10
2643;20;"M";"L";"red";10
2644;20;"M";"XL";"red";10
2645;20;"M";"XXL";"red";10
2646;20;"M";"3XL";"red";10
2647;20;"M";"4XL";"red";10
2648;20;"M";"5XL";"red";10
2649;20;"F";"S";"red";10
2650;20;"F";"M";"red";10
2651;20;"F";"L";"red";10
2652;20;"F";"XL";"red";10
2653;20;"F";"XXL";"red";10
2654;20;"F";"3XL";"red";10
2655;20;"F";"4XL";"red";10
2656;20;"F";"5XL";"red";10
2657;20;"M";"S";"purple";10
2658;20;"M";"M";"purple";10
2659;20;"M";"L";"purple";10
2660;20;"M";"XL";"purple";10
2661;20;"M";"XXL";"purple";10
2662;20;"M";"3XL";"purple";10
2663;20;"M";"4XL";"purple";10
2664;20;"M";"5XL";"purple";10
2665;20;"F";"S";"purple";10
2666;20;"F";"M";"purple";10
2667;20;"F";"L";"purple";10
2668;20;"F";"XL";"purple";10
2669;20;"F";"XXL";"purple";10
2670;20;"F";"3XL";"purple";10
2671;20;"F";"4XL";"purple";10
2672;20;"F";"5XL";"purple";10
2673;20;"M";"S";"blue";10
2674;20;"M";"M";"blue";10
2675;20;"M";"L";"blue";10
2676;20;"M";"XL";"blue";10
2677;20;"M";"XXL";"blue";10
2678;20;"M";"3XL";"blue";10
2679;20;"M";"4XL";"blue";10
2680;20;"M";"5XL";"blue";10
2681;20;"F";"S";"blue";10
2682;20;"F";"M";"blue";10
2683;20;"F";"L";"blue";10
2684;20;"F";"XL";"blue";10
2685;20;"F";"XXL";"blue";10
2686;20;"F";"3XL";"blue";10
2687;20;"F";"4XL";"blue";10
2688;20;"F";"5XL";"blue";10
2689;21;"M";"S";"black";10
2690;21;"M";"M";"black";10
2691;21;"M";"L";"black";10
2692;21;"M";"XL";"black";10
2693;21;"M";"XXL";"black";10
2694;21;"M";"3XL";"black";10
2695;21;"M";"4XL";"black";10
2696;21;"M";"5XL";"black";10
2697;21;"F";"S";"black";10
2698;21;"F";"M";"black";10
2699;21;"F";"L";"black";10
2700;21;"F";"XL";"black";10
2701;21;"F";"XXL";"black";10
2702;21;"F";"3XL";"black";10
2703;21;"F";"4XL";"black";10
2704;21;"F";"5XL";"black";10
2705;21;"M";"S";"grey";10
2706;21;"M";"M";"grey";10
2707;21;"M";"L";"grey";10
2708;21;"M";"XL";"grey";10
2709;21;"M";"XXL";"grey";10
2710;21;"M";"3XL";"grey";10
2711;21;"M";"4XL";"grey";10
2712;21;"M";"5XL";"grey";10
2713;21;"F";"S";"grey";10
2714;21;"F";"M";"grey";10
2715;21;"F";"L";"grey";10
2716;21;"F";"XL";"grey";10
2717;21;"F";"XXL";"grey";10
2718;21;"F";"3XL";"grey";10
2719;21;"F";"4XL";"grey";10
2720;21;"F";"5XL";"grey";10
2721;21;"M";"S";"white";10
2722;21;"M";"M";"white";10
2723;21;"M";"L";"white";10
2724;21;"M";"XL";"white";10
2725;21;"M";"XXL";"white";10
2726;21;"M";"3XL";"white";10
2727;21;"M";"4XL";"white";10
2728;21;"M";"5XL";"white";10
2729;21;"F";"S";"white";10
2730;21;"F";"M";"white";10
2731;21;"F";"L";"white";10
2732;21;"F";"XL";"white";10
2733;21;"F";"XXL";"white";10
2734;21;"F";"3XL";"white";10
2735;21;"F";"4XL";"white";10
2736;21;"F";"5XL";"white";10
2737;21;"M";"S";"green";10
2738;21;"M";"M";"green";10
2739;21;"M";"L";"green";10
2740;21;"M";"XL";"green";10
2741;21;"M";"XXL";"green";10
2742;21;"M";"3XL";"green";10
2743;21;"M";"4XL";"green";10
2744;21;"M";"5XL";"green";10
2745;21;"F";"S";"green";10
2746;21;"F";"M";"green";10
2747;21;"F";"L";"green";10
2748;21;"F";"XL";"green";10
2749;21;"F";"XXL";"green";10
2750;21;"F";"3XL";"green";10
2751;21;"F";"4XL";"green";10
2752;21;"F";"5XL";"green";10
2753;21;"M";"S";"orange";10
2754;21;"M";"M";"orange";10
2755;21;"M";"L";"orange";10
2756;21;"M";"XL";"orange";10
2757;21;"M";"XXL";"orange";10
2758;21;"M";"3XL";"orange";10
2759;21;"M";"4XL";"orange";10
2760;21;"M";"5XL";"orange";10
2761;21;"F";"S";"orange";10
2762;21;"F";"M";"orange";10
2763;21;"F";"L";"orange";10
2764;21;"F";"XL";"orange";10
2765;21;"F";"XXL";"orange";10
2766;21;"F";"3XL";"orange";10
2767;21;"F";"4XL";"orange";10
2768;21;"F";"5XL";"orange";10
2769;21;"M";"S";"red";10
2770;21;"M";"M";"red";10
2771;21;"M";"L";"red";10
2772;21;"M";"XL";"red";10
2773;21;"M";"XXL";"red";10
2774;21;"M";"3XL";"red";10
2775;21;"M";"4XL";"red";10
2776;21;"M";"5XL";"red";10
2777;21;"F";"S";"red";10
2778;21;"F";"M";"red";10
2779;21;"F";"L";"red";10
2780;21;"F";"XL";"red";10
2781;21;"F";"XXL";"red";10
2782;21;"F";"3XL";"red";10
2783;21;"F";"4XL";"red";10
2784;21;"F";"5XL";"red";10
2785;21;"M";"S";"purple";10
2786;21;"M";"M";"purple";10
2787;21;"M";"L";"purple";10
2788;21;"M";"XL";"purple";10
2789;21;"M";"XXL";"purple";10
2790;21;"M";"3XL";"purple";10
2791;21;"M";"4XL";"purple";10
2792;21;"M";"5XL";"purple";10
2793;21;"F";"S";"purple";10
2794;21;"F";"M";"purple";10
2795;21;"F";"L";"purple";10
2796;21;"F";"XL";"purple";10
2797;21;"F";"XXL";"purple";10
2798;21;"F";"3XL";"purple";10
2799;21;"F";"4XL";"purple";10
2800;21;"F";"5XL";"purple";10
2801;21;"M";"S";"blue";10
2802;21;"M";"M";"blue";10
2803;21;"M";"L";"blue";10
2804;21;"M";"XL";"blue";10
2805;21;"M";"XXL";"blue";10
2806;21;"M";"3XL";"blue";10
2807;21;"M";"4XL";"blue";10
2808;21;"M";"5XL";"blue";10
2809;21;"F";"S";"blue";10
2810;21;"F";"M";"blue";10
2811;21;"F";"L";"blue";10
2812;21;"F";"XL";"blue";10
2813;21;"F";"XXL";"blue";10
2814;21;"F";"3XL";"blue";10
2815;21;"F";"4XL";"blue";10
2816;21;"F";"5XL";"blue";10
2817;22;"M";"S";"black";10
2818;22;"M";"M";"black";10
2819;22;"M";"L";"black";10
2820;22;"M";"XL";"black";10
2821;22;"M";"XXL";"black";10
2822;22;"M";"3XL";"black";10
2823;22;"M";"4XL";"black";10
2824;22;"M";"5XL";"black";10
2825;22;"F";"S";"black";10
2826;22;"F";"M";"black";10
2827;22;"F";"L";"black";10
2828;22;"F";"XL";"black";10
2829;22;"F";"XXL";"black";10
2830;22;"F";"3XL";"black";10
2831;22;"F";"4XL";"black";10
2832;22;"F";"5XL";"black";10
2833;22;"M";"S";"grey";10
2834;22;"M";"M";"grey";10
2835;22;"M";"L";"grey";10
2836;22;"M";"XL";"grey";10
2837;22;"M";"XXL";"grey";10
2838;22;"M";"3XL";"grey";10
2839;22;"M";"4XL";"grey";10
2840;22;"M";"5XL";"grey";10
2841;22;"F";"S";"grey";10
2842;22;"F";"M";"grey";10
2843;22;"F";"L";"grey";10
2844;22;"F";"XL";"grey";10
2845;22;"F";"XXL";"grey";10
2846;22;"F";"3XL";"grey";10
2847;22;"F";"4XL";"grey";10
2848;22;"F";"5XL";"grey";10
2849;22;"M";"S";"white";10
2850;22;"M";"M";"white";10
2851;22;"M";"L";"white";10
2852;22;"M";"XL";"white";10
2853;22;"M";"XXL";"white";10
2854;22;"M";"3XL";"white";10
2855;22;"M";"4XL";"white";10
2856;22;"M";"5XL";"white";10
2857;22;"F";"S";"white";10
2858;22;"F";"M";"white";10
2859;22;"F";"L";"white";10
2860;22;"F";"XL";"white";10
2861;22;"F";"XXL";"white";10
2862;22;"F";"3XL";"white";10
2863;22;"F";"4XL";"white";10
2864;22;"F";"5XL";"white";10
2865;22;"M";"S";"green";10
2866;22;"M";"M";"green";10
2867;22;"M";"L";"green";10
2868;22;"M";"XL";"green";10
2869;22;"M";"XXL";"green";10
2870;22;"M";"3XL";"green";10
2871;22;"M";"4XL";"green";10
2872;22;"M";"5XL";"green";10
2873;22;"F";"S";"green";10
2874;22;"F";"M";"green";10
2875;22;"F";"L";"green";10
2876;22;"F";"XL";"green";10
2877;22;"F";"XXL";"green";10
2878;22;"F";"3XL";"green";10
2879;22;"F";"4XL";"green";10
2880;22;"F";"5XL";"green";10
2881;22;"M";"S";"orange";10
2882;22;"M";"M";"orange";10
2883;22;"M";"L";"orange";10
2884;22;"M";"XL";"orange";10
2885;22;"M";"XXL";"orange";10
2886;22;"M";"3XL";"orange";10
2887;22;"M";"4XL";"orange";10
2888;22;"M";"5XL";"orange";10
2889;22;"F";"S";"orange";10
2890;22;"F";"M";"orange";10
2891;22;"F";"L";"orange";10
2892;22;"F";"XL";"orange";10
2893;22;"F";"XXL";"orange";10
2894;22;"F";"3XL";"orange";10
2895;22;"F";"4XL";"orange";10
2896;22;"F";"5XL";"orange";10
2897;22;"M";"S";"red";10
2898;22;"M";"M";"red";10
2899;22;"M";"L";"red";10
2900;22;"M";"XL";"red";10
2901;22;"M";"XXL";"red";10
2902;22;"M";"3XL";"red";10
2903;22;"M";"4XL";"red";10
2904;22;"M";"5XL";"red";10
2905;22;"F";"S";"red";10
2906;22;"F";"M";"red";10
2907;22;"F";"L";"red";10
2908;22;"F";"XL";"red";10
2909;22;"F";"XXL";"red";10
2910;22;"F";"3XL";"red";10
2911;22;"F";"4XL";"red";10
2912;22;"F";"5XL";"red";10
2913;22;"M";"S";"purple";10
2914;22;"M";"M";"purple";10
2915;22;"M";"L";"purple";10
2916;22;"M";"XL";"purple";10
2917;22;"M";"XXL";"purple";10
2918;22;"M";"3XL";"purple";10
2919;22;"M";"4XL";"purple";10
2920;22;"M";"5XL";"purple";10
2921;22;"F";"S";"purple";10
2922;22;"F";"M";"purple";10
2923;22;"F";"L";"purple";10
2924;22;"F";"XL";"purple";10
2925;22;"F";"XXL";"purple";10
2926;22;"F";"3XL";"purple";10
2927;22;"F";"4XL";"purple";10
2928;22;"F";"5XL";"purple";10
2929;22;"M";"S";"blue";10
2930;22;"M";"M";"blue";10
2931;22;"M";"L";"blue";10
2932;22;"M";"XL";"blue";10
2933;22;"M";"XXL";"blue";10
2934;22;"M";"3XL";"blue";10
2935;22;"M";"4XL";"blue";10
2936;22;"M";"5XL";"blue";10
2937;22;"F";"S";"blue";10
2938;22;"F";"M";"blue";10
2939;22;"F";"L";"blue";10
2940;22;"F";"XL";"blue";10
2941;22;"F";"XXL";"blue";10
2942;22;"F";"3XL";"blue";10
2943;22;"F";"4XL";"blue";10
2944;22;"F";"5XL";"blue";10
2945;23;"M";"S";"black";10
2946;23;"M";"M";"black";10
2947;23;"M";"L";"black";10
2948;23;"M";"XL";"black";10
2949;23;"M";"XXL";"black";10
2950;23;"M";"3XL";"black";10
2951;23;"M";"4XL";"black";10
2952;23;"M";"5XL";"black";10
2953;23;"F";"S";"black";10
2954;23;"F";"M";"black";10
2955;23;"F";"L";"black";10
2956;23;"F";"XL";"black";10
2957;23;"F";"XXL";"black";10
2958;23;"F";"3XL";"black";10
2959;23;"F";"4XL";"black";10
2960;23;"F";"5XL";"black";10
2961;23;"M";"S";"grey";10
2962;23;"M";"M";"grey";10
2963;23;"M";"L";"grey";10
2964;23;"M";"XL";"grey";10
2965;23;"M";"XXL";"grey";10
2966;23;"M";"3XL";"grey";10
2967;23;"M";"4XL";"grey";10
2968;23;"M";"5XL";"grey";10
2969;23;"F";"S";"grey";10
2970;23;"F";"M";"grey";10
2971;23;"F";"L";"grey";10
2972;23;"F";"XL";"grey";10
2973;23;"F";"XXL";"grey";10
2974;23;"F";"3XL";"grey";10
2975;23;"F";"4XL";"grey";10
2976;23;"F";"5XL";"grey";10
2977;23;"M";"S";"white";10
2978;23;"M";"M";"white";10
2979;23;"M";"L";"white";10
2980;23;"M";"XL";"white";10
2981;23;"M";"XXL";"white";10
2982;23;"M";"3XL";"white";10
2983;23;"M";"4XL";"white";10
2984;23;"M";"5XL";"white";10
2985;23;"F";"S";"white";10
2986;23;"F";"M";"white";10
2987;23;"F";"L";"white";10
2988;23;"F";"XL";"white";10
2989;23;"F";"XXL";"white";10
2990;23;"F";"3XL";"white";10
2991;23;"F";"4XL";"white";10
2992;23;"F";"5XL";"white";10
2993;23;"M";"S";"green";10
2994;23;"M";"M";"green";10
2995;23;"M";"L";"green";10
2996;23;"M";"XL";"green";10
2997;23;"M";"XXL";"green";10
2998;23;"M";"3XL";"green";10
2999;23;"M";"4XL";"green";10
3000;23;"M";"5XL";"green";10
3001;23;"F";"S";"green";10
3002;23;"F";"M";"green";10
3003;23;"F";"L";"green";10
3004;23;"F";"XL";"green";10
3005;23;"F";"XXL";"green";10
3006;23;"F";"3XL";"green";10
3007;23;"F";"4XL";"green";10
3008;23;"F";"5XL";"green";10
3009;23;"M";"S";"orange";10
3010;23;"M";"M";"orange";10
3011;23;"M";"L";"orange";10
3012;23;"M";"XL";"orange";10
3013;23;"M";"XXL";"orange";10
3014;23;"M";"3XL";"orange";10
3015;23;"M";"4XL";"orange";10
3016;23;"M";"5XL";"orange";10
3017;23;"F";"S";"orange";10
3018;23;"F";"M";"orange";10
3019;23;"F";"L";"orange";10
3020;23;"F";"XL";"orange";10
3021;23;"F";"XXL";"orange";10
3022;23;"F";"3XL";"orange";10
3023;23;"F";"4XL";"orange";10
3024;23;"F";"5XL";"orange";10
3025;23;"M";"S";"red";10
3026;23;"M";"M";"red";10
3027;23;"M";"L";"red";10
3028;23;"M";"XL";"red";10
3029;23;"M";"XXL";"red";10
3030;23;"M";"3XL";"red";10
3031;23;"M";"4XL";"red";10
3032;23;"M";"5XL";"red";10
3033;23;"F";"S";"red";10
3034;23;"F";"M";"red";10
3035;23;"F";"L";"red";10
3036;23;"F";"XL";"red";10
3037;23;"F";"XXL";"red";10
3038;23;"F";"3XL";"red";10
3039;23;"F";"4XL";"red";10
3040;23;"F";"5XL";"red";10
3041;23;"M";"S";"purple";10
3042;23;"M";"M";"purple";10
3043;23;"M";"L";"purple";10
3044;23;"M";"XL";"purple";10
3045;23;"M";"XXL";"purple";10
3046;23;"M";"3XL";"purple";10
3047;23;"M";"4XL";"purple";10
3048;23;"M";"5XL";"purple";10
3049;23;"F";"S";"purple";10
3050;23;"F";"M";"purple";10
3051;23;"F";"L";"purple";10
3052;23;"F";"XL";"purple";10
3053;23;"F";"XXL";"purple";10
3054;23;"F";"3XL";"purple";10
3055;23;"F";"4XL";"purple";10
3056;23;"F";"5XL";"purple";10
3057;23;"M";"S";"blue";10
3058;23;"M";"M";"blue";10
3059;23;"M";"L";"blue";10
3060;23;"M";"XL";"blue";10
3061;23;"M";"XXL";"blue";10
3062;23;"M";"3XL";"blue";10
3063;23;"M";"4XL";"blue";10
3064;23;"M";"5XL";"blue";10
3065;23;"F";"S";"blue";10
3066;23;"F";"M";"blue";10
3067;23;"F";"L";"blue";10
3068;23;"F";"XL";"blue";10
3069;23;"F";"XXL";"blue";10
3070;23;"F";"3XL";"blue";10
3071;23;"F";"4XL";"blue";10
3072;23;"F";"5XL";"blue";10
3073;24;"M";"S";"black";10
3074;24;"M";"M";"black";10
3075;24;"M";"L";"black";10
3076;24;"M";"XL";"black";10
3077;24;"M";"XXL";"black";10
3078;24;"M";"3XL";"black";10
3079;24;"M";"4XL";"black";10
3080;24;"M";"5XL";"black";10
3081;24;"F";"S";"black";10
3082;24;"F";"M";"black";10
3083;24;"F";"L";"black";10
3084;24;"F";"XL";"black";10
3085;24;"F";"XXL";"black";10
3086;24;"F";"3XL";"black";10
3087;24;"F";"4XL";"black";10
3088;24;"F";"5XL";"black";10
3089;24;"M";"S";"grey";10
3090;24;"M";"M";"grey";10
3091;24;"M";"L";"grey";10
3092;24;"M";"XL";"grey";10
3093;24;"M";"XXL";"grey";10
3094;24;"M";"3XL";"grey";10
3095;24;"M";"4XL";"grey";10
3096;24;"M";"5XL";"grey";10
3097;24;"F";"S";"grey";10
3098;24;"F";"M";"grey";10
3099;24;"F";"L";"grey";10
3100;24;"F";"XL";"grey";10
3101;24;"F";"XXL";"grey";10
3102;24;"F";"3XL";"grey";10
3103;24;"F";"4XL";"grey";10
3104;24;"F";"5XL";"grey";10
3105;24;"M";"S";"white";10
3106;24;"M";"M";"white";10
3107;24;"M";"L";"white";10
3108;24;"M";"XL";"white";10
3109;24;"M";"XXL";"white";10
3110;24;"M";"3XL";"white";10
3111;24;"M";"4XL";"white";10
3112;24;"M";"5XL";"white";10
3113;24;"F";"S";"white";10
3114;24;"F";"M";"white";10
3115;24;"F";"L";"white";10
3116;24;"F";"XL";"white";10
3117;24;"F";"XXL";"white";10
3118;24;"F";"3XL";"white";10
3119;24;"F";"4XL";"white";10
3120;24;"F";"5XL";"white";10
3121;24;"M";"S";"green";10
3122;24;"M";"M";"green";10
3123;24;"M";"L";"green";10
3124;24;"M";"XL";"green";10
3125;24;"M";"XXL";"green";10
3126;24;"M";"3XL";"green";10
3127;24;"M";"4XL";"green";10
3128;24;"M";"5XL";"green";10
3129;24;"F";"S";"green";10
3130;24;"F";"M";"green";10
3131;24;"F";"L";"green";10
3132;24;"F";"XL";"green";10
3133;24;"F";"XXL";"green";10
3134;24;"F";"3XL";"green";10
3135;24;"F";"4XL";"green";10
3136;24;"F";"5XL";"green";10
3137;24;"M";"S";"orange";10
3138;24;"M";"M";"orange";10
3139;24;"M";"L";"orange";10
3140;24;"M";"XL";"orange";10
3141;24;"M";"XXL";"orange";10
3142;24;"M";"3XL";"orange";10
3143;24;"M";"4XL";"orange";10
3144;24;"M";"5XL";"orange";10
3145;24;"F";"S";"orange";10
3146;24;"F";"M";"orange";10
3147;24;"F";"L";"orange";10
3148;24;"F";"XL";"orange";10
3149;24;"F";"XXL";"orange";10
3150;24;"F";"3XL";"orange";10
3151;24;"F";"4XL";"orange";10
3152;24;"F";"5XL";"orange";10
3153;24;"M";"S";"red";10
3154;24;"M";"M";"red";10
3155;24;"M";"L";"red";10
3156;24;"M";"XL";"red";10
3157;24;"M";"XXL";"red";10
3158;24;"M";"3XL";"red";10
3159;24;"M";"4XL";"red";10
3160;24;"M";"5XL";"red";10
3161;24;"F";"S";"red";10
3162;24;"F";"M";"red";10
3163;24;"F";"L";"red";10
3164;24;"F";"XL";"red";10
3165;24;"F";"XXL";"red";10
3166;24;"F";"3XL";"red";10
3167;24;"F";"4XL";"red";10
3168;24;"F";"5XL";"red";10
3169;24;"M";"S";"purple";10
3170;24;"M";"M";"purple";10
3171;24;"M";"L";"purple";10
3172;24;"M";"XL";"purple";10
3173;24;"M";"XXL";"purple";10
3174;24;"M";"3XL";"purple";10
3175;24;"M";"4XL";"purple";10
3176;24;"M";"5XL";"purple";10
3177;24;"F";"S";"purple";10
3178;24;"F";"M";"purple";10
3179;24;"F";"L";"purple";10
3180;24;"F";"XL";"purple";10
3181;24;"F";"XXL";"purple";10
3182;24;"F";"3XL";"purple";10
3183;24;"F";"4XL";"purple";10
3184;24;"F";"5XL";"purple";10
3185;24;"M";"S";"blue";10
3186;24;"M";"M";"blue";10
3187;24;"M";"L";"blue";10
3188;24;"M";"XL";"blue";10
3189;24;"M";"XXL";"blue";10
3190;24;"M";"3XL";"blue";10
3191;24;"M";"4XL";"blue";10
3192;24;"M";"5XL";"blue";10
3193;24;"F";"S";"blue";10
3194;24;"F";"M";"blue";10
3195;24;"F";"L";"blue";10
3196;24;"F";"XL";"blue";10
3197;24;"F";"XXL";"blue";10
3198;24;"F";"3XL";"blue";10
3199;24;"F";"4XL";"blue";10
3200;24;"F";"5XL";"blue";10
